-- phpMyAdmin SQL Dump
-- version 4.5.1
-- http://www.phpmyadmin.net
--
-- Host: 127.0.0.1
-- Generation Time: Feb 24, 2016 at 04:50 AM
-- Server version: 10.1.10-MariaDB
-- PHP Version: 7.0.2

SET SQL_MODE = "NO_AUTO_VALUE_ON_ZERO";
SET time_zone = "+00:00";


/*!40101 SET @OLD_CHARACTER_SET_CLIENT=@@CHARACTER_SET_CLIENT */;
/*!40101 SET @OLD_CHARACTER_SET_RESULTS=@@CHARACTER_SET_RESULTS */;
/*!40101 SET @OLD_COLLATION_CONNECTION=@@COLLATION_CONNECTION */;
/*!40101 SET NAMES utf8mb4 */;

--
-- Database: `shoping`
--

-- --------------------------------------------------------

--
-- Table structure for table `category`
--

CREATE TABLE `category` (
  `cate_id` int(11) NOT NULL,
  `cate_title` varchar(50) NOT NULL,
  `cate_parent` int(11) NOT NULL
) ENGINE=InnoDB DEFAULT CHARSET=utf8;

--
-- Dumping data for table `category`
--

INSERT INTO `category` (`cate_id`, `cate_title`, `cate_parent`) VALUES
(1, 'Áo', 0),
(2, 'Áo Ngắn', 1),
(3, 'Áo Ngắn Nữ', 2),
(4, 'Áo Ngắn Nam', 2),
(5, 'Quần', 0),
(6, 'Ba Lô', 0),
(7, 'Váy', 0);

-- --------------------------------------------------------

--
-- Table structure for table `city`
--

CREATE TABLE `city` (
  `id` int(11) UNSIGNED NOT NULL,
  `name` varchar(200) COLLATE utf8_unicode_ci DEFAULT NULL,
  `created` int(11) DEFAULT NULL,
  `order` int(11) DEFAULT NULL,
  `status` tinyint(4) DEFAULT NULL
) ENGINE=MyISAM DEFAULT CHARSET=utf8 COLLATE=utf8_unicode_ci;

--
-- Dumping data for table `city`
--

INSERT INTO `city` (`id`, `name`, `created`, `order`, `status`) VALUES
(1, 'TP. Hà Nội', 1381727905, 1, 1),
(2, 'TP. Hồ Chí Minh', 1381727922, 2, 1),
(3, 'Đà Nẵng', 1373127047, 3, 1),
(4, 'Hải Phòng', 1381723998, 4, 1),
(5, 'Cần Thơ', 1381724482, 5, 1),
(6, 'An Giang', 1381724497, 6, 1),
(7, 'Bà Rịa-Vũng Tàu ', 1381724511, 7, 1),
(8, 'Bắc Giang', 1381724524, 8, 1),
(9, 'Bắc Kạn', 1381724538, 9, 1),
(10, 'Bạc Liêu', 1381724552, 10, 1),
(11, 'Bắc Ninh', 1381724568, 11, 1),
(12, 'Bến Tre', 1381724581, 12, 1),
(13, 'Bình Định', 1381724596, 13, 1),
(14, 'Bình Dương', 1381724623, 14, 1),
(15, 'Bình Phước', 1381724635, 15, 1),
(16, 'Bình Thuận', 1381724653, 16, 1),
(17, 'Cà Mau', 1381724668, 17, 1),
(18, 'Cao Bằng', 1381724680, 18, 1),
(19, 'Đắk Lắk', 1381724696, 19, 1),
(20, 'Đắk Nông', 1381724708, 20, 1),
(21, 'Điện Biên', 1381724727, 21, 1),
(22, 'Đồng Nai', 1381724740, 22, 1),
(23, 'Đồng Tháp', 1381724752, 23, 1),
(24, 'Gia Lai ', 1381724763, 24, 1),
(27, 'Hà Giang', 1381725103, 25, 1),
(28, 'Hà Nam', 1381725127, 26, 1),
(29, 'Hà Tĩnh', 1381725137, 27, 1),
(30, 'Hải Dương', 1381725152, 28, 1),
(31, 'Hậu Giang', 1381725167, 29, 1),
(32, 'Hòa Bình', 1381725181, 30, 1),
(33, 'Hưng Yên', 1381725194, 31, 1),
(34, 'Khánh Hòa', 1381725207, 32, 1),
(35, 'Kiên Giang', 1381725221, 33, 1),
(36, 'Kon Tum', 1381725233, 34, 1),
(37, 'Lai Châu', 1381725248, 35, 1),
(38, 'Lâm Đồng', 1381725260, 36, 1),
(39, 'Lạng Sơn', 1381725276, 37, 1),
(40, 'Lào Cai', 1381725297, 38, 1),
(41, 'Long An', 1381725309, 39, 1),
(42, 'Nam Định', 1381725322, 40, 1),
(43, 'Nghệ An', 1381725333, 41, 1),
(44, 'Ninh Bình', 1381725346, 42, 1),
(45, 'Ninh Thuận', 1381725358, 43, 1),
(46, 'Phú Thọ', 1381725370, 44, 1),
(47, 'Phú Yên', 1381725386, 45, 1),
(48, 'Quảng Bình', 1381725398, 46, 1),
(49, 'Quảng Nam', 1381725411, 47, 1),
(50, 'Quảng Ngãi ', 1381725422, 48, 1),
(51, 'Quảng Ninh', 1381725436, 49, 1),
(52, 'Quảng Trị ', 1381725449, 50, 1),
(53, 'Sóc Trăng ', 1381725463, 51, 1),
(54, 'Sơn La', 1381725478, 52, 1),
(55, 'Tây Ninh ', 1381725494, 53, 1),
(56, 'Thái Bình', 1381725505, 54, 1),
(57, 'Thái Nguyên', 1381725517, 55, 1),
(58, 'Thanh Hóa', 1381725530, 56, 1),
(59, 'Thừa Thiên Huế', 1381725788, 57, 1),
(60, 'Tiền Giang', 1381725557, 58, 1),
(61, 'Trà Vinh', 1381725568, 59, 1),
(62, 'Tuyên Quang', 1381725580, 60, 1),
(63, 'Vĩnh Long', 1381725594, 61, 1),
(64, 'Vĩnh Phúc', 1381725607, 62, 1),
(65, 'Yên Bái', 1381725619, 63, 1);

-- --------------------------------------------------------

--
-- Table structure for table `district`
--

CREATE TABLE `district` (
  `id` int(11) UNSIGNED NOT NULL,
  `name` varchar(200) COLLATE utf8_unicode_ci DEFAULT NULL,
  `created` int(11) DEFAULT NULL,
  `order` int(11) DEFAULT NULL,
  `id_city` int(11) DEFAULT NULL,
  `status` tinyint(11) DEFAULT NULL
) ENGINE=MyISAM DEFAULT CHARSET=utf8 COLLATE=utf8_unicode_ci;

--
-- Dumping data for table `district`
--

INSERT INTO `district` (`id`, `name`, `created`, `order`, `id_city`, `status`) VALUES
(553, 'Hạ Long', 1381829263, 7, 51, 1),
(552, 'Đông Triều', 1381829252, 6, 51, 1),
(551, 'Đầm Hà', 1381829237, 5, 51, NULL),
(550, 'Cô Tô', 1381829226, 4, 51, 1),
(549, 'Cẩm Phả', 1381829214, 3, 51, 1),
(548, 'Bình Liêu', 1381829202, 2, 51, 1),
(547, 'Ba Chẽ', 1381829191, 1, 51, 1),
(546, 'Tư Nghĩa', 1381829151, 14, 50, 1),
(545, 'Trà Bồng', 1381829138, 13, 50, 1),
(544, 'Tây Trà', 1381829126, 12, 50, 1),
(543, 'Sơn Tịnh', 1381829114, 11, 50, 1),
(542, 'Sơn Tây', 1381829100, 10, 50, 1),
(541, 'Sơn Hà', 1381829089, 9, 50, 1),
(540, 'Quảng Ngãi', 1381829078, 8, 50, 1),
(539, 'Nghĩa Hành', 1381829067, 7, 50, 1),
(538, 'Mộ Đức', 1381829056, 6, 50, 1),
(537, 'Minh Long', 1381829045, 5, 50, 1),
(536, 'Lý Sơn', 1381829034, 4, 50, 1),
(535, 'Đức Phổ', 1381829022, 3, 50, 1),
(534, 'Bình Sơn', 1381829010, 2, 50, 1),
(533, 'Ba Tơ', 1381828998, 1, 50, 1),
(532, 'Tiên Phước', 1381828962, 18, 49, 1),
(531, 'Thăng Bình', 1381828952, 17, 49, 1),
(530, 'Tây Giang', 1381828940, 16, 49, 1),
(529, 'Tam Kỳ', 1381828928, 15, 49, 1),
(528, 'Quế Sơn', 1381828916, 14, 49, 1),
(527, 'Phước Sơn', 1381828902, 13, 49, 1),
(526, 'Phú Ninh', 1381828891, 12, 49, 1),
(525, 'Núi Thành', 1381828880, 11, 49, 1),
(524, 'Nông Sơn', 1381828868, 10, 49, 1),
(523, 'Nam Trà My', 1381828852, 9, 49, 1),
(522, 'Nam Giang', 1381828840, 8, 49, 1),
(521, 'Hội An', 1381828829, 7, 49, 1),
(520, 'Hiệp Đức', 1381828819, 6, 49, 1),
(519, 'Duy Xuyên', 1381828808, 5, 49, 1),
(518, 'Đông Giang', 1381828797, 4, 49, 1),
(517, 'Điện Bàn', 1381828787, 3, 49, 1),
(516, 'Đại Lộc', 1381828774, 2, 49, 1),
(515, 'Bắc Trà My', 1381828762, 1, 49, 1),
(514, 'Tuyên Hóa', 1381828728, 7, 48, 1),
(513, 'Quảng Trạch', 1381828717, 6, 48, 1),
(512, 'Quảng Ninh', 1381828704, 5, 48, 1),
(511, 'Minh Hóa', 1381828687, 4, 48, 1),
(510, 'Lệ Thủy', 1381828676, 3, 48, 1),
(509, 'Đồng Hới', 1381828666, 2, 48, 1),
(508, 'Bố Trạch', 1381828655, 1, 48, 1),
(507, 'Tuy Hòa', 1381828625, 9, 47, 1),
(506, 'Tuy An', 1381828612, 8, 47, 1),
(505, 'Tây Hòa', 1381828599, 7, 47, 1),
(504, 'Sông Hinh', 1381828588, 6, 47, 1),
(503, 'Sông Cầu', 1381828575, 5, 47, 1),
(502, 'Sơn Hòa', 1381828563, 4, 47, 1),
(501, 'Phú Hòa', 1381828552, 3, 47, 1),
(500, 'Đồng Xuân', 1381828541, 2, 47, 1),
(499, 'Đông Hòa', 1381828526, 1, 47, 1),
(498, 'Yên Lập', 1381828494, 13, 46, 1),
(497, 'Việt Trì', 1381828482, 12, 46, 1),
(496, 'Thanh Thủy', 1381828470, 11, 46, 1),
(495, 'Thanh Sơn', 1381828458, 10, 46, 1),
(494, 'Thanh Ba', 1381828443, 9, 46, 1),
(493, 'Tân Sơn', 1381828432, 8, 46, 1),
(492, 'Tam Nông', 1381828415, 7, 46, 1),
(491, 'Phú Thọ', 1381828404, 6, 46, 1),
(490, 'Phù Ninh', 1381828393, 5, 46, 1),
(489, 'Lâm Thao', 1381828380, 4, 46, 1),
(488, 'Hạ Hòa', 1381828370, 3, 46, 1),
(487, 'Đoan Hùng', 1381828359, 2, 46, 1),
(486, 'Cẩm Khê', 1381828348, 1, 46, 1),
(485, 'Thuận Nam', 1381828307, 7, 45, 1),
(484, 'Thuận Bắc', 1381828295, 6, 45, 1),
(483, 'Phan Rang-Tháp Chàm', 1381828283, 5, 45, 1),
(482, 'Ninh Sơn', 1381828271, 4, 45, 1),
(481, 'Ninh Phước', 1381828259, 3, 45, 1),
(480, 'Ninh Hải', 1381828248, 2, 45, 1),
(479, 'Bác Ái', 1381828236, 1, 45, 1),
(478, 'Yên Mô', 1381828199, 8, 44, 1),
(477, 'Yên Khánh', 1381828187, 7, 44, 1),
(476, 'Tam Điệp', 1381828175, 6, 44, 1),
(475, 'Ninh Bình', 1381828165, 5, 44, 1),
(474, 'Nho Quan', 1381828150, 4, 44, 1),
(473, 'Kim Sơn', 1381828139, 3, 44, 1),
(472, 'Hoa Lư', 1381828127, 2, 44, 1),
(471, 'Gia Viễn', 1381828116, 1, 44, 1),
(470, 'Yên Thành', 1381828064, 21, 43, 1),
(469, 'Vinh', 1381828053, 20, 43, 1),
(468, 'Tương Dương', 1381828033, 19, 43, 1),
(467, 'Thanh Chương', 1381828022, 18, 43, 1),
(466, 'Thái Hòa', 1381828011, 17, 43, 1),
(465, 'Tân Kỳ', 1381827999, 16, 43, 1),
(464, 'Quỳnh Lưu', 1381827988, 15, 43, 1),
(463, 'Quỳ Hợp', 1381827977, 14, 43, 1),
(462, 'Quỳ Châu', 1381827966, 13, 43, 1),
(461, 'Quế Phong', 1381827949, 12, 43, 1),
(460, 'Nghĩa Đàn', 1381827938, 11, 43, 1),
(459, 'Nghi Lộc', 1381827925, 10, 43, 1),
(458, 'Nam Đàn', 1381827913, 9, 43, 1),
(457, 'Kỳ Sơn', 1381827901, 8, 43, 1),
(456, 'Hưng Nguyên', 1381827889, 7, 43, 1),
(455, 'Hoàng Mai', 1381827878, 6, 43, 1),
(454, 'Đô Lương', 1381827864, 5, 43, 1),
(453, 'Diễn Châu', 1381827852, 4, 43, 1),
(452, 'Cửa Lò', 1381827839, 3, 43, 1),
(451, 'Con Cuông', 1381827827, 2, 43, 1),
(450, 'Anh Sơn', 1381827816, 1, 43, 1),
(449, 'Ý Yên', 1381827770, 10, 42, 1),
(448, 'Xuân Trường', 1381827758, 9, 42, 1),
(447, 'Vụ Bản', 1381827746, 8, 42, 1),
(446, 'Trực Ninh', 1381827734, 7, 42, 1),
(445, 'Nghĩa Hưng', 1381827723, 6, 42, 1),
(444, 'Nam Trực', 1381827712, 5, 42, 1),
(443, 'Nam Định', 1381827700, 4, 42, 1),
(442, 'Mỹ Lộc', 1381827684, 3, 42, 1),
(441, 'Hải Hậu', 1381827672, 2, 42, 1),
(440, 'Giao Thủy', 1381827659, 1, 42, 1),
(439, 'Vĩnh Hưng', 1381827617, 15, 41, 1),
(438, 'Thủ Thừa', 1381827604, 14, 41, 1),
(437, 'Thạnh Hóa', 1381827590, 13, 41, 1),
(436, 'Tân Trụ', 1381827578, 12, 41, 1),
(435, 'Tân Thạnh', 1381827563, 11, 41, 1),
(434, 'Tân Hưng', 1381827549, 10, 41, 1),
(433, 'Tân An', 1381827535, 9, 41, 1),
(432, 'Mộc Hóa', 1381827523, 8, 41, 1),
(431, 'Kiến Tường', 1381827510, 7, 41, 1),
(430, 'Đức Huệ', 1381827498, 6, 41, 1),
(429, 'Đức Hòa', 1381827485, 5, 41, 1),
(428, 'Châu Thành', 1381827470, 4, 41, 1),
(427, 'Cần Giuộc', 1381827452, 3, 41, 1),
(426, 'Cần Đước', 1381827437, 2, 41, 1),
(425, 'Bến Lức', 1381827423, 1, 41, 1),
(424, 'Văn Bàn', 1381827375, 9, 40, 1),
(423, 'Si Ma Cai', 1381827361, 8, 40, 1),
(422, 'Sa Pa', 1381827348, 7, 40, 1),
(421, 'Mường Khương', 1381827336, 6, 40, 1),
(420, 'Lào Cai', 1381827323, 5, 40, 1),
(419, 'Bát Xát', 1381827305, 4, 40, 1),
(418, 'Bảo Yên', 1381827289, 3, 40, 1),
(417, 'Bảo Thắng', 1381827266, 2, 40, 1),
(416, 'Bắc Hà', 1381827248, 1, 40, 1),
(415, 'Văn Quan', 1381827153, 11, 39, 1),
(414, 'Vãn Lãng', 1381827135, 10, 39, 1),
(413, 'Tràng Định', 1381827120, 9, 39, 1),
(412, 'Lộc Bình', 1381827102, 8, 39, 1),
(411, 'Lạng Sơn', 1381827085, 7, 39, 1),
(410, 'Hữu Lũng', 1381827069, 6, 39, 1),
(409, 'Đình Lập', 1381827052, 5, 39, 1),
(408, 'Chi Lăng', 1381827031, 4, 39, 1),
(407, 'Cao Lộc', 1381827013, 3, 39, 1),
(406, 'Bình Gia', 1381826997, 2, 39, 1),
(405, 'Bắc Sơn', 1381826978, 1, 39, 1),
(404, 'Lâm Hà', 1381826928, 12, 38, 1),
(403, 'Lạc Dương', 1381826911, 11, 38, 1),
(402, 'Đức Trọng', 1381826894, 10, 38, 1),
(401, 'Đơn Dương', 1381826876, 9, 38, 1),
(400, 'Di Linh', 1381826860, 8, 38, 1),
(399, 'Đam Rông', 1381826841, 7, 38, 1),
(398, 'Đạ Tẻh', 1381826823, 6, 38, 1),
(397, 'Đà Lạt', 1381826808, 5, 38, 1),
(396, 'Đạ Huoai', 1381826795, 4, 38, 1),
(395, 'Cát Tiên', 1381826778, 3, 38, 1),
(394, 'Bảo Lộc', 1381826765, 2, 38, 1),
(393, 'Bảo Lâm', 1381826750, 1, 38, 1),
(392, 'Than Uyên', 1381826701, 8, 37, 1),
(391, 'Tân Uyên', 1381826677, 7, 37, 1),
(390, 'Tam Đường', 1381826631, 6, 37, 1),
(389, 'Sìn Hồ', 1381826615, 5, 37, 1),
(388, 'Phong Thổ', 1381826602, 4, 37, 1),
(387, 'Nậm Nhùn', 1381826557, 3, 37, 1),
(386, 'Mường Tè', 1381826582, 2, 37, 1),
(385, 'Lai Châu', 1381826447, 1, 37, 1),
(384, 'Tu Mơ Rông', 1381806594, 9, 36, 1),
(383, 'Sa Thầy', 1381806582, 8, 36, 1),
(382, 'Ngọc Hồi', 1381806507, 7, 36, 1),
(381, 'Kon Tum', 1381806494, 6, 36, 1),
(380, 'Kon Rẫy', 1381806480, 5, 36, 1),
(379, 'Kon Plông', 1381806468, 4, 36, 1),
(378, 'Đăk Tô', 1381806454, 3, 36, 1),
(377, 'Đắk Hà', 1381806441, 2, 36, 1),
(376, 'Đắk Glei', 1381806430, 1, 36, 1),
(375, 'Vĩnh Thuận', 1381806378, 15, 35, 1),
(374, 'U Minh Thượng', 1381806366, 14, 35, 1),
(373, 'Tân Hiệp', 1381806354, 13, 35, 1),
(372, 'Rạch Giá', 1381806342, 12, 35, 1),
(371, 'Phú Quốc', 1381806328, 11, 35, 1),
(370, 'Kiên Lương', 1381806316, 10, 35, 1),
(369, 'Kiên Hải', 1381806303, 9, 35, 1),
(368, 'Hòn Đất', 1381806291, 8, 35, 1),
(367, 'Hà Tiên', 1381806277, 7, 35, 1),
(366, 'Gò Quao', 1381806264, 6, 35, 1),
(365, 'Giồng Riềng', 1381806253, 5, 35, 1),
(364, 'Giang Thành', 1381806238, 4, 35, 1),
(363, 'Châu Thành', 1381806225, 3, 35, 1),
(362, 'An Minh', 1381806211, 2, 35, 1),
(361, 'An Biên', 1381806199, 1, 35, 1),
(360, 'Vạn Ninh', 1381806150, 9, 34, 1),
(359, 'Trường Sa', 1381806137, 8, 34, 1),
(358, 'Ninh Hòa', 1381806122, 7, 34, 1),
(357, 'Nha Trang', 1381806111, 6, 34, 1),
(356, 'Khánh Vĩnh', 1381806099, 5, 34, 1),
(355, 'Khánh Sơn', 1381806086, 4, 34, 1),
(354, 'Diên Khánh', 1381806073, 3, 34, 1),
(353, 'Cam Ranh', 1381806060, 2, 34, 1),
(352, 'Cam Lâm', 1381806043, 1, 34, 1),
(351, 'Yên Mỹ', 1381762589, 10, 33, 1),
(350, 'Văn Lâm', 1381762562, 9, 33, 1),
(349, 'Văn Giang', 1381762546, 8, 33, 1),
(348, 'Tiên Lữ', 1381762531, 7, 33, 1),
(347, 'Phù Cừ', 1381762515, 6, 33, 1),
(346, 'Mỹ Hào', 1381762495, 5, 33, 1),
(345, 'Kim Động', 1381762480, 4, 33, 1),
(344, 'Khoái Châu', 1381762193, 3, 33, 1),
(343, 'Hưng Yên', 1381762174, 2, 33, 1),
(342, 'Ân Thi', 1381762158, 1, 33, 1),
(341, 'Yên Thủy', 1381762089, 11, 32, 1),
(340, 'Tân Lạc', 1381762074, 10, 32, 1),
(339, 'Mai Châu', 1381762057, 9, 32, 1),
(338, 'Lương Sơn', 1381762040, 8, 32, 1),
(337, 'Lạc Thủy', 1381762027, 7, 32, 1),
(336, 'Lạc Sơn', 1381762013, 6, 32, 1),
(335, 'Kỳ Sơn', 1381761999, 5, 32, 1),
(334, 'Kim Bôi', 1381761985, 4, 32, 1),
(333, 'Hoà Bình', 1381761969, 3, 32, 1),
(332, 'Đà Bắc', 1381761954, 2, 32, 1),
(331, 'Cao Phong', 1381761936, 1, 32, 1),
(330, 'Vị Thủy', 1381761883, 7, 31, 1),
(329, 'Vị Thanh', 1381761865, 6, 31, 1),
(328, 'Phụng Hiệp', 1381761834, 5, 31, 1),
(327, 'Tân Hiệp', 1393679714, 4, 31, 1),
(326, 'Long Mỹ', 1381761805, 3, 31, 1),
(325, 'Châu Thành A', 1381761790, 2, 31, 1),
(324, 'Châu Thành', 1381761775, 1, 31, 1),
(323, 'Tứ Kỳ', 1381761710, 12, 30, 1),
(322, 'Thanh Miện', 1381761696, 11, 30, 1),
(321, 'Thanh Hà', 1381761681, 10, 30, 1),
(320, 'Ninh Giang', 1381761665, 9, 30, 1),
(319, 'Nam Sách', 1381761651, 8, 30, 1),
(318, 'Kinh Môn', 1381761638, 7, 30, 1),
(317, 'Kim Thành', 1381761624, 6, 30, 1),
(316, 'Hải Dương', 1381761608, 5, 30, 1),
(315, 'Gia Lộc', 1381761593, 4, 30, 1),
(314, 'Chí Linh', 1381761580, 3, 30, 1),
(313, 'Cẩm Giàng', 1381761555, 2, 30, 1),
(312, 'Bình Giang', 1381761548, 1, 30, 1),
(311, 'Vũ Quang', 1381761444, 12, 29, 1),
(310, 'Thạch Hà', 1381761429, 11, 29, 1),
(309, 'Nghi Xuân', 1381761415, 10, 29, 1),
(308, 'Lộc Hà', 1381761400, 9, 29, 1),
(307, 'Kỳ Anh', 1381761383, 8, 29, 1),
(306, 'Hương Sơn', 1381761367, 7, 29, 1),
(305, 'Hương Khê', 1381761350, 6, 29, 1),
(304, 'Hồng Lĩnh', 1381761336, 5, 29, 1),
(303, 'Hà Tĩnh', 1381761319, 4, 29, 1),
(302, 'Đức Thọ', 1381761303, 3, 29, 1),
(301, 'Can Lộc', 1381761287, 2, 29, 1),
(300, 'Cẩm Xuyên', 1381761272, 1, 29, 1),
(299, 'Thanh Liêm', 1381761220, 6, 28, 1),
(298, 'Phủ Lý', 1381761204, 5, 28, 1),
(297, 'Lý Nhân', 1381761187, 4, 28, 1),
(296, 'Kim Bảng', 1381761166, 3, 28, 1),
(295, 'Duy Tiên', 1381761150, 2, 28, 1),
(294, 'Bình Lục', 1381761134, 1, 28, 1),
(293, 'Yên Minh', 1381761075, 11, 27, 1),
(292, 'Xín Mần', 1381761058, 10, 27, 1),
(291, 'Vị Xuyên', 1381761026, 9, 27, 1),
(290, 'Quang Bình', 1381761004, 8, 27, 1),
(289, 'Quản Bạ', 1381760986, 7, 27, 1),
(288, 'Mèo Vạc', 1381760969, 6, 27, 1),
(287, 'Hoàng Su Phì', 1381760925, 5, 27, 1),
(286, 'Hà Giang', 1381760904, 4, 27, 1),
(285, 'Đồng Văn', 1381760874, 3, 27, 1),
(284, 'Bắc Quang', 1381760860, 2, 27, 1),
(283, 'Bắc Mê', 1381760840, 1, 27, 1),
(282, 'Pleiku', 1381748059, 17, 24, 1),
(281, 'Phú Thiện', 1381748045, 16, 24, 1),
(280, 'Mang Yang', 1381748032, 15, 24, 1),
(279, 'Krông Pa', 1381748017, 14, 24, 1),
(278, 'Kông Chro', 1381748000, 13, 24, 1),
(277, 'KBang', 1381747986, 12, 24, 1),
(276, 'Ia Pa', 1381747970, 11, 24, 1),
(275, 'Ia Grai', 1381747949, 10, 24, 1),
(274, 'Đức Cơ', 1381747930, 9, 24, 1),
(273, 'Đắk Pơ', 1381747909, 8, 24, 1),
(272, 'Đăk Đoa', 1381747896, 7, 24, 1),
(271, 'Chư Sê', 1381747877, 6, 24, 1),
(270, 'Chư Pưh', 1381747861, 5, 24, 1),
(269, 'Chư Prông', 1381747845, 4, 24, 1),
(268, 'Chư Păh', 1381747831, 3, 24, 1),
(267, 'Ayun Pa', 1381747816, 2, 24, 1),
(266, 'An Khê', 1381747801, 1, 24, 1),
(265, 'Tháp Mười', 1381747702, 12, 23, 1),
(264, 'Thanh Bình', 1381747685, 11, 23, 1),
(263, 'Tân Hồng', 1381747669, 10, 23, 1),
(262, 'Tam Nông', 1381747653, 9, 23, 1),
(261, 'Sa Đéc', 1381747636, 8, 23, 1),
(260, 'Lấp Vò', 1381747615, 7, 23, 1),
(259, 'Lai Vung', 1381747598, 6, 23, 1),
(258, 'thị xã Hồng Ngự', 1381747580, 5, 23, 1),
(257, 'Hồng Ngự', 1381747485, 4, 23, 1),
(256, 'Châu Thành', 1381747469, 3, 23, 1),
(255, 'Cao Lãnh', 1381747452, 2, 23, 1),
(254, 'TP. Cao Lãnh', 1381747425, 1, 23, 1),
(253, 'Xuân Lộc', 1381747197, 11, 22, 1),
(252, 'Vĩnh Cửu', 1381747182, 10, 22, 1),
(251, 'Trảng Bom', 1381747166, 9, 22, 1),
(250, 'Thống Nhất', 1381747150, 8, 22, 1),
(249, 'Tân Phú', 1381747130, 7, 22, 1),
(248, 'Nhơn Trạch', 1381747111, 6, 22, 1),
(247, 'Long Thành', 1381747097, 5, 22, 1),
(246, 'Long Khánh', 1381747082, 4, 22, 1),
(245, 'Định Quán', 1381747066, 3, 22, 1),
(244, 'Cẩm Mỹ', 1381747050, 2, 22, 1),
(243, 'Biên Hòa', 1381747035, 1, 22, 1),
(242, 'Tuần Giáo', 1381746977, 10, 21, 1),
(241, 'Tủa Chùa', 1381746962, 9, 21, 1),
(240, 'Nậm Pồ', 1381746946, 8, 21, 1),
(239, 'Mường Nhé', 1381746930, 7, 21, 1),
(238, 'Mường Lay', 1381746915, 6, 21, 1),
(237, 'Mường Chà', 1381746898, 5, 21, 1),
(236, 'Mường Ảng', 1381746880, 4, 21, 1),
(235, 'Điện Biên Phủ', 1381746863, 3, 21, 1),
(234, 'Điện Biên Đông', 1381746835, 2, 21, 1),
(233, 'Điện Biên', 1381746817, 1, 21, 1),
(232, 'Tuy Đức', 1381746540, 8, 20, 1),
(231, 'Krông Nô', 1381746524, 7, 20, 1),
(230, 'Gia Nghĩa', 1381746508, 6, 20, 1),
(229, 'Đăk Song', 1381746494, 5, 20, 1),
(228, 'Đăk R\\''Lấp', 1381746480, 4, 20, 1),
(227, 'Đăk Mil', 1381746464, 3, 20, 1),
(226, 'Đăk Glong', 1381746446, 2, 20, 1),
(225, 'Cư Jút', 1381746429, 1, 20, 1),
(224, 'M\\''Đrăk', 1381746314, 15, 19, 1),
(223, 'Lắk', 1381746299, 14, 19, 1),
(222, 'Krông Pắk', 1381746287, 13, 19, 1),
(221, 'Krông Năng', 1381746273, 12, 19, 1),
(220, 'Krông Búk', 1381746258, 11, 19, 1),
(219, 'Krông Bông', 1381746246, 10, 19, 1),
(218, 'Krông Ana', 1381746232, 9, 19, 1),
(217, 'Ea Súp', 1381746219, 8, 19, 1),
(216, 'Ea Kar', 1381746207, 7, 19, 1),
(215, 'Ea H\\''leo', 1381746194, 6, 19, 1),
(214, 'Cư M\\''gar', 1381746173, 5, 19, 1),
(213, 'Cư Kuin', 1381746159, 4, 19, 1),
(212, 'Buôn Ma Thuột', 1381746145, 3, 19, 1),
(211, 'Buôn Hồ', 1381746131, 2, 19, 1),
(210, 'Buôn Đôn', 1381746119, 1, 19, 1),
(209, 'Trùng Khánh', 1381746064, 13, 18, 1),
(208, 'Trà Lĩnh', 1381746047, 12, 18, 1),
(207, 'Thông Nông', 1381746032, 11, 18, 1),
(206, 'Thạch An', 1381746019, 10, 18, 1),
(205, 'Quảng Uyên', 1381746000, 9, 18, 1),
(204, 'Phục Hòa', 1381745987, 8, 18, 1),
(203, 'Nguyên Bình', 1381745973, 7, 18, 1),
(202, 'Hòa An', 1381745961, 6, 18, 1),
(201, 'Hà Quảng', 1381745947, 5, 18, 1),
(200, 'Hạ Lang', 1381745932, 4, 18, 1),
(199, 'Cao Bằng', 1381745918, 3, 18, 1),
(198, 'Bảo Lâm', 1381745904, 2, 18, 1),
(197, 'Bảo Lạc', 1381745892, 1, 18, 1),
(196, 'U Minh', 1381745830, 9, 17, 1),
(195, 'Trần Văn Thời', 1381745816, 8, 17, 1),
(194, 'Thới Bình', 1381745802, 7, 17, 1),
(193, 'Phú Tân', 1381745786, 6, 17, 1),
(192, 'Ngọc Hiển', 1381745772, 5, 17, 1),
(191, 'Năm Căn', 1381745759, 4, 17, 1),
(190, 'Đầm Dơi', 1381745746, 3, 17, 1),
(189, 'Cái Nước', 1381745731, 2, 17, 1),
(188, 'Cà Mau', 1381745715, 1, 17, 1),
(187, 'Tuy Phong', 1381745676, 10, 16, 1),
(186, 'Tánh Linh', 1381745661, 9, 16, 1),
(185, 'Phú Quý', 1381745637, 8, 16, 1),
(184, 'Phan Thiết', 1381745624, 7, 16, 1),
(183, 'La Gi', 1381745609, 6, 16, 1),
(182, 'Hàm Thuận Nam', 1381745595, 5, 16, 1),
(181, 'Hàm Thuận Bắc', 1381745582, 4, 16, 1),
(180, 'Hàm Tân', 1381745568, 3, 16, 1),
(179, 'Đức Linh', 1381745555, 2, 16, 1),
(178, 'Bắc Bình', 1381745540, 1, 16, 1),
(177, 'Phước Long', 1381745487, 10, 15, 1),
(176, 'Lộc Ninh', 1381745471, 9, 15, 1),
(175, 'Hớn Quản', 1381745458, 8, 15, 1),
(174, 'Đồng Xoài', 1381745444, 7, 15, 1),
(173, 'Đồng Phú', 1381745430, 6, 15, 1),
(172, 'Chơn Thành', 1381745417, 5, 15, 1),
(171, 'Bù Gia Mập', 1381745404, 4, 15, 1),
(170, 'Bù Đốp', 1381745388, 3, 15, 1),
(169, 'Bù Đăng', 1381745370, 2, 15, 1),
(168, 'Bình Long', 1381745356, 1, 15, 1),
(167, 'Thuận An', 1381745310, 7, 14, 1),
(166, 'Thủ Dầu Một', 1381745296, 6, 14, 1),
(165, 'Tân Uyên', 1381745282, 5, 14, 1),
(164, 'Phú Giáo', 1381745269, 4, 14, 1),
(163, 'Dĩ An', 1381745250, 3, 14, 1),
(162, 'Dầu Tiếng', 1381745235, 2, 14, 1),
(161, 'Bến Cát', 1381745219, 1, 14, 1),
(160, 'Vĩnh Thạnh', 1381745089, 11, 13, 1),
(159, 'Vân Canh', 1381745074, 10, 13, 1),
(158, 'Tuy Phước', 1381745058, 9, 13, 1),
(157, 'Tây Sơn', 1381745042, 8, 13, 1),
(156, 'Qui Nhơn', 1381745028, 7, 13, 1),
(155, 'Phù Mỹ', 1381745011, 6, 13, 1),
(154, 'Phù Cát', 1381744993, 5, 13, 1),
(153, 'Hoài Nhơn', 1381744979, 4, 13, 1),
(152, 'Hoài Ân', 1381744965, 3, 13, 1),
(151, 'An Nhơn', 1381744950, 2, 13, 1),
(150, 'An Lão', 1381744935, 1, 13, 1),
(149, 'Thạnh Phú', 1381744879, 9, 12, 1),
(148, 'Mỏ Cày Nam', 1381744863, 8, 12, 1),
(147, 'Mỏ Cày Bắc', 1381744844, 7, 12, 1),
(146, 'Giồng Trôm', 1381744831, 6, 12, 1),
(145, 'Chợ Lách', 1381744816, 5, 12, 1),
(144, 'Châu Thành', 1381744797, 4, 12, 1),
(143, 'Bình Đại', 1381744782, 3, 12, 1),
(142, 'Bến Tre', 1381744767, 2, 12, 1),
(141, 'Ba Tri', 1381744749, 1, 12, 1),
(140, 'Yên Phong', 1381744708, 8, 11, 1),
(139, 'Từ Sơn', 1381744689, 7, 11, 1),
(138, 'Tiên Du', 1381744665, 6, 11, 1),
(137, 'Thuận Thành', 1381744649, 5, 11, 1),
(136, 'Quế Võ', 1381744629, 4, 11, 1),
(135, 'Lương Tài', 1381744613, 3, 11, 1),
(134, 'Gia Bình', 1381744598, 2, 11, 1),
(133, 'Bắc Ninh', 1381744583, 1, 11, 1),
(132, 'Vĩnh Lợi', 1381744527, 7, 10, 1),
(131, 'Phước Long', 1381744479, 6, 10, 1),
(130, 'Hồng Dân', 1381744456, 5, 10, 1),
(129, 'Hoà Bình', 1381744436, 4, 10, 1),
(128, 'Giá Rai', 1381744421, 3, 10, 1),
(127, 'Đông Hải', 1381744396, 2, 10, 1),
(126, 'Bạc Liêu', 1381744380, 1, 10, 1),
(125, 'Pác Nặm', 1381744313, 8, 9, 1),
(124, 'Ngân Sơn', 1381744284, 7, 9, 1),
(123, 'Na Rì', 1381744267, 6, 9, 1),
(122, 'Chợ Mới', 1381744252, 5, 9, 1),
(121, 'Chợ Đồn', 1381744233, 4, 9, 1),
(120, 'Bạch Thông', 1381744219, 3, 9, 1),
(119, 'Bắc Kạn', 1381744202, 2, 9, 1),
(118, 'Ba Bể', 1381744186, 1, 9, 1),
(117, 'Yên Thế', 1381744131, 10, 8, 1),
(116, 'Yên Dũng', 1381744115, 9, 8, 1),
(115, 'Việt Yên', 1381744099, 8, 8, 1),
(114, 'Tân Yên', 1381744080, 7, 8, 1),
(113, 'Sơn Động', 1381744066, 6, 8, 1),
(112, 'Lục Ngạn', 1381744047, 5, 8, 1),
(111, 'Lục Nam', 1381744031, 4, 8, 1),
(110, 'Lạng Giang', 1381744012, 3, 8, 1),
(109, 'Hiệp Hòa', 1381743997, 2, 8, 1),
(108, 'Bắc Giang', 1381743983, 1, 8, 1),
(107, 'Xuyên Mộc', 1381743893, 8, 7, 1),
(106, 'Vũng Tàu', 1381743879, 7, 7, 1),
(105, 'Tân Thành', 1381743860, 6, 7, 1),
(104, 'Long Điền', 1381743842, 5, 7, 1),
(103, 'Đất Đỏ', 1381743828, 4, 7, 1),
(102, 'Côn Đảo', 1381743812, 3, 7, 1),
(101, 'Châu Đức', 1381743797, 2, 7, 1),
(100, 'Bà Rịa', 1381743784, 1, 7, 1),
(99, 'Tri Tôn', 1381743724, 11, 6, 1),
(98, 'Tịnh Biên', 1381743709, 10, 6, 1),
(97, 'Thoại Sơn', 1381743693, 9, 6, 1),
(96, 'Tân Châu', 1381743670, 8, 6, 1),
(95, 'Phú Tân', 1381743655, 7, 6, 1),
(94, 'Long Xuyên', 1381743640, 6, 6, 1),
(93, 'Chợ Mới', 1381743619, 5, 6, 1),
(92, 'Châu Thành', 1381743602, 4, 6, 1),
(91, 'Châu Phú', 1381743588, 3, 6, 1),
(90, 'Châu Đốc', 1381743573, 2, 6, 1),
(89, 'An Phú', 1381743558, 1, 6, 1),
(88, 'Vĩnh Thạnh', 1381738919, 9, 5, 1),
(87, 'Thốt Nốt', 1381738906, 8, 5, 1),
(86, 'Thới Lai', 1381738890, 7, 5, 1),
(85, 'Phong Điền', 1381738877, 6, 5, 1),
(84, 'Ô Môn', 1381738862, 5, 5, 1),
(83, 'Ninh Kiều', 1381738840, 4, 5, 1),
(82, 'Cờ Đỏ', 1381738812, 3, 5, 1),
(81, 'Cái Răng', 1381738799, 2, 5, 1),
(80, 'Bình Thủy', 1381738785, 1, 5, 1),
(79, 'Vĩnh Bảo', 1381738715, 15, 4, 1),
(78, 'Tiên Lãng', 1381738701, 14, 4, 1),
(77, 'Thuỷ Nguyên', 1381738683, 13, 4, 1),
(76, 'Ngô Quyền', 1381738670, 12, 4, 1),
(75, 'Lê Chân', 1381738655, 11, 4, 1),
(74, 'Kiến Thụy', 1381738640, 10, 4, 1),
(73, 'Kiến An', 1381738626, 9, 4, 1),
(72, 'Hồng Bàng', 1381738609, 8, 4, 1),
(71, 'Hải An', 1381738591, 7, 4, 1),
(70, 'Dương Kinh', 1381738576, 6, 4, 1),
(69, 'Đồ Sơn', 1381738560, 5, 4, 1),
(68, 'Cát Hải', 1381738543, 4, 4, 1),
(67, 'Bạch Long Vĩ', 1381738526, 3, 4, 1),
(66, 'An Lão', 1381738512, 2, 4, 1),
(65, 'An Dương', 1381738498, 1, 4, 1),
(64, 'Thanh Khê', 1381738369, 8, 3, 1),
(63, 'Sơn Trà', 1381738347, 7, 3, 1),
(62, 'Ngũ Hành Sơn', 1381738331, 6, 3, 1),
(61, 'Liên Chiểu', 1381737431, 5, 3, 1),
(60, 'Hoàng Sa', 1381737416, 4, 3, 1),
(59, 'Hoà Vang', 1381737400, 3, 3, 1),
(58, 'Hải Châu', 1381737384, 2, 3, 1),
(57, 'Cẩm Lệ', 1381737369, 1, 3, 1),
(56, 'Ứng Hòa', 1381736770, 29, 1, 1),
(55, 'Từ Liêm', 1381736751, 28, 1, 1),
(54, 'Thường Tín', 1381736735, 27, 1, 1),
(53, 'Thanh Xuân', 1381736720, 26, 1, 1),
(52, 'Thanh Trì', 1381736704, 25, 1, 1),
(51, 'Thanh Oai', 1381736689, 24, 1, 1),
(50, 'Thạch Thất', 1381736669, 23, 1, 1),
(49, 'Tây Hồ', 1381736645, 22, 1, 1),
(48, 'Sơn Tây', 1381736622, 21, 1, 1),
(47, 'Sóc Sơn', 1381736604, 20, 1, 1),
(46, 'Quốc Oai', 1381736587, 19, 1, 1),
(45, 'Phúc Thọ', 1381736571, 18, 1, 1),
(44, 'Phú Xuyên', 1381736554, 17, 1, 1),
(43, 'Mỹ Đức', 1381736537, 16, 1, 1),
(42, 'Mê Linh', 1381736520, 15, 1, 1),
(41, 'Long Biên', 1381736496, 14, 1, 1),
(40, 'Hoàng Mai', 1381736479, 13, 1, 1),
(39, 'Hoàn Kiếm', 1381736463, 12, 1, 1),
(38, 'Hoài Đức', 1381736447, 11, 1, 1),
(37, 'Hai Bà Trưng', 1381736432, 10, 1, 1),
(36, 'Hà Đông', 1381736406, 9, 1, 1),
(35, 'Gia Lâm', 1381736389, 8, 1, 1),
(34, 'Đống Đa', 1381736373, 7, 1, 1),
(33, 'Đông Anh', 1381736355, 6, 1, 1),
(32, 'Đan Phượng', 1381736337, 5, 1, 1),
(31, 'Chương Mỹ', 1381736306, 4, 1, 1),
(30, 'Cầu Giấy', 1381736170, 3, 1, 1),
(29, 'Ba Vì', 1381736155, 2, 1, 1),
(28, 'Ba Đình', 1381736135, 1, 1, 1),
(27, 'Nhà Bè', 1381735926, 24, 2, 1),
(26, 'Hóc Môn', 1381735911, 23, 2, 1),
(25, 'Gò Vấp', 1381735896, 22, 2, 1),
(24, 'Củ Chi', 1381735879, 21, 2, 1),
(23, 'Cần Giờ', 1381735863, 20, 2, 1),
(22, 'Bình Tân', 1381735841, 19, 2, 1),
(21, 'Bình Chánh', 1381735823, 18, 2, 1),
(20, 'Thủ Đức', 1381735794, 17, 2, 1),
(19, 'Tân Phú', 1381735777, 16, 2, 1),
(18, 'Tân Bình', 1381735755, 15, 2, 1),
(17, 'Phú Nhuận', 1381735734, 14, 2, 1),
(16, 'Bình Thạnh', 1381735694, 13, 2, 1),
(15, 'Quận 12', 1381735608, 12, 2, 1),
(14, 'Quận 11', 1381735593, 11, 2, 1),
(13, 'Quận 10', 1381735578, 10, 2, 1),
(12, 'Quận 9', 1381735555, 9, 2, 1),
(11, 'Quận 8', 1381735541, 8, 2, 1),
(10, 'Quận 7', 1381735525, 7, 2, 1),
(9, 'Quận 6', 1381735505, 6, 2, 1),
(8, 'Quận 5', 1381735487, 5, 2, 1),
(7, 'Quận 4', 1381735469, 4, 2, 1),
(6, 'Quận 3', 1381735450, 3, 2, 1),
(5, 'Quận 2', 1381735396, 2, 2, 1),
(1, 'Quận 1', 1381734985, 1, 2, 1),
(554, 'Hải Hà', 1381829276, 8, 51, 1),
(555, 'Hoành Bồ', 1381829289, 9, 51, 1),
(556, 'Móng Cái', 1381829300, 10, 51, 1),
(557, 'Quảng Yên', 1381829312, 11, 51, 1),
(558, 'Tiên Yên', 1381829325, 12, 51, 1),
(559, 'Uông Bí', 1381829336, 13, 51, 1),
(560, 'Vân Đồn', 1381829347, 14, 51, 1),
(561, 'Cam Lộ', 1381829384, 1, 52, 1),
(562, 'Cồn Cỏ', 1381829395, 2, 52, 1),
(563, 'Đa Krông', 1381829408, 3, 52, 1),
(564, 'Đông Hà', 1381829419, 4, 52, 1),
(565, 'Gio Linh', 1381829433, 5, 52, 1),
(566, 'Hải Lăng', 1381829444, 6, 52, 1),
(567, 'Hướng Hóa', 1381829455, 7, 52, 1),
(568, 'Quảng Trị', 1381829468, 8, 52, 1),
(569, 'Triệu Phong', 1381829484, 9, 52, 1),
(570, 'Vĩnh Linh', 1381829496, 10, 52, 1),
(571, 'Châu Thành', 1381829528, 1, 53, 1),
(572, 'Cù Lao Dung', 1381829541, 2, 53, 1),
(573, 'Kế Sách', 1381829552, 3, 53, 1),
(574, 'Long Phú', 1381829562, 4, 53, 1),
(575, 'Mỹ Tú', 1381829574, 5, 53, 1),
(576, 'Mỹ Xuyên', 1381829584, 6, 53, 1),
(577, 'Ngã Năm', 1381829595, 7, 53, 1),
(578, 'Sóc Trăng', 1381829608, 8, 53, 1),
(579, 'Thạnh Trị', 1381829619, 9, 53, 1),
(580, 'Trần Đề', 1381829631, 10, 53, 1),
(581, 'Vĩnh Châu', 1381829642, 11, 53, 1),
(582, 'Bắc Yên', 1381829672, 1, 54, 1),
(583, 'Mai Sơn', 1381829682, 2, 54, 1),
(584, 'Mộc Châu', 1381829693, 3, 54, 1),
(585, 'Mường La', 1381829705, 4, 54, 1),
(586, 'Phù Yên', 1381829715, 5, 54, 1),
(587, 'Quỳnh Nhai', 1381829727, 6, 54, 1),
(588, 'Sơn La', 1381829741, 7, 54, 1),
(589, 'Sông Mã', 1381829752, 8, 54, 1),
(590, 'Sốp Cộp', 1381829764, 9, 54, 1),
(591, 'Thuận Châu', 1381829775, 10, 54, 1),
(592, 'Vân Hồ', 1381829786, 11, 54, 1),
(593, 'Yên Châu', 1381829797, 12, 54, 1),
(594, 'Bến Cầu', 1381829836, 1, 55, 1),
(595, 'Châu Thành', 1381829856, 2, 55, 1),
(596, 'Dương Minh Châu', 1381829869, 3, 55, 1),
(597, 'Gò Dầu', 1381829880, 4, 55, 1),
(598, 'Hòa Thành', 1381829891, 5, 55, 1),
(599, 'Tân Biên', 1381829904, 6, 55, 1),
(600, 'Tân Châu', 1381829917, 7, 55, 1),
(601, 'Tây Ninh', 1381829930, 8, 55, 1),
(602, 'Trảng Bàng', 1381829941, 9, 55, 1),
(603, 'Đông Hưng', 1381829983, 1, 56, 1),
(604, 'Hưng Hà', 1381829994, 2, 56, 1),
(605, 'Kiến Xương', 1381830008, 3, 56, 1),
(606, 'Quỳnh Phụ', 1381830019, 4, 56, 1),
(607, 'Thái Bình', 1381830033, 5, 56, 1),
(608, 'Thái Thụy', 1381830045, 6, 56, 1),
(609, 'Tiền Hải', 1381830056, 7, 56, 1),
(610, 'Vũ Thư', 1381830068, 8, 56, 1),
(611, 'Đại Từ', 1381830101, 1, 57, 1),
(612, 'Định Hóa', 1381830113, 2, 57, 1),
(613, 'Đồng Hỷ', 1381830125, 3, 57, 1),
(614, 'Phổ Yên', 1381830137, 4, 57, 1),
(615, 'Phú Bình', 1381830148, 5, 57, 1),
(616, 'Phú Lương', 1381830396, 6, 57, 1),
(617, 'Sông Công', 1381830413, 7, 57, 1),
(618, 'Thái Nguyên', 1381830429, 8, 57, 1),
(619, 'Võ Nhai', 1381830443, 9, 57, 1),
(620, 'Bá Thước', 1381830561, 1, 58, 1),
(621, 'Bỉm Sơn', 1381830576, 2, 58, 1),
(622, 'Cẩm Thủy', 1381830619, 3, 58, 1),
(623, 'Đông Sơn', 1381830631, 4, 58, 1),
(624, 'Hà Trung', 1381830645, 5, 58, 1),
(625, 'Hậu Lộc', 1381830659, 6, 58, 1),
(626, 'Hoằng Hóa', 1381830672, 7, 58, 1),
(627, 'Lang Chánh', 1381830685, 8, 58, 1),
(628, 'Mường Lát', 1381830698, 9, 58, 1),
(629, 'Nga Sơn', 1381830713, 10, 58, 1),
(630, 'Ngọc Lặc', 1381830726, 11, 58, 1),
(631, 'Như Thanh', 1381830740, 12, 58, 1),
(632, 'Như Xuân', 1381830753, 13, 58, 1),
(633, 'Nông Cống', 1381830767, 14, 58, 1),
(634, 'Quan Hóa', 1381830781, 15, 58, 1),
(635, 'Quan Sơn', 1381830795, 16, 58, 1),
(636, 'Quảng Xương', 1381830810, 17, 58, 1),
(637, 'Sầm Sơn', 1381830822, 18, 58, 1),
(638, 'Thạch Thành', 1381830833, 19, 58, 1),
(639, 'Thanh Hóa', 1381830849, 20, 58, 1),
(640, 'Thiệu Hóa', 1381830863, 21, 58, 1),
(641, 'Thọ Xuân', 1381830875, 22, 58, 1),
(642, 'Thường Xuân', 1381830888, 23, 58, 1),
(643, 'Tĩnh Gia', 1381830901, 24, 58, 1),
(644, 'Triệu Sơn', 1381830914, 25, 58, 1),
(645, 'Vĩnh Lộc', 1381830927, 26, 58, 1),
(646, 'Yên Định', 1381830939, 27, 58, 1),
(647, 'A Lưới', 1381830981, 1, 59, 1),
(648, 'Huế', 1381830994, 2, 59, 1),
(649, 'Hương Thủy', 1381831009, 3, 59, 1),
(650, 'Hương Trà', 1381831023, 4, 59, 1),
(651, 'Nam Đông', 1381831038, 5, 59, 1),
(652, 'Phong Điền', 1381831052, 6, 59, 1),
(653, 'Phú Lộc', 1381831067, 7, 59, 1),
(654, 'Phú Vang', 1381831079, 8, 59, 1),
(655, 'Quảng Điền', 1381831092, 9, 59, 1),
(656, 'Cái Bè', 1381831129, 1, 60, 1),
(657, 'Cai Lậy', 1381831146, 2, 60, 1),
(658, 'Châu Thành', 1381831161, 3, 60, 1),
(659, 'Chợ Gạo', 1381831179, 4, 60, 1),
(660, 'Gò Công', 1381831192, 5, 60, 1),
(661, 'Gò Công Đông', 1381831206, 6, 60, 1),
(662, 'Gò Công Tây', 1381831219, 7, 60, 1),
(663, 'Mỹ Tho', 1381831234, 8, 60, 1),
(664, 'Tân Phú Đông', 1381831256, 9, 60, 1),
(665, 'Tân Phước', 1381831269, 10, 60, 1),
(666, 'Càng Long', 1381831323, 1, 61, 1),
(667, 'Cầu Kè', 1381831336, 2, 61, 1),
(668, 'Cầu Ngang', 1381831350, 3, 61, 1),
(669, 'Châu Thành', 1381831367, 4, 61, 1),
(670, 'Duyên Hải', 1381831380, 5, 61, 1),
(671, 'Tiểu Cần', 1381831392, 6, 61, 1),
(672, 'Trà Cú', 1381831409, 7, 61, 1),
(673, 'Trà Vinh', 1381831423, 8, 61, 1),
(674, 'Chiêm Hóa', 1381831459, 1, 62, 1),
(675, 'Hàm Yên', 1381831473, 2, 62, 1),
(676, 'Lâm Bình', 1381831485, 3, 62, 1),
(677, 'Na Hang', 1381831497, 4, 62, 1),
(678, 'Sơn Dương', 1381831512, 5, 62, 1),
(679, 'Tuyên Quang', 1381831524, 6, 62, 1),
(680, 'Yên Sơn', 1381831538, 7, 62, 1),
(681, 'Bình Minh', 1381831566, 1, 63, 1),
(682, 'Bình Tân', 1381831585, 2, 63, 1),
(683, 'Long Hồ', 1381831596, 3, 63, 1),
(684, 'Mang Thít', 1381831608, 4, 63, 1),
(685, 'Tam Bình', 1381831679, 5, 63, 1),
(686, 'Trà Ôn', 1381831691, 6, 63, 1),
(687, 'Vĩnh Long', 1381831702, 7, 63, 1),
(688, 'Vũng Liêm', 1381831713, 8, 63, 1),
(689, 'Bình Xuyên', 1381831744, 1, 64, 1),
(690, 'Lập Thạch', 1381831754, 2, 64, 1),
(691, 'Phúc Yên', 1381831766, 3, 64, 1),
(692, 'Sông Lô', 1381831778, 4, 64, 1),
(693, 'Tam Đảo', 1381831788, 5, 64, 1),
(694, 'Tam Dương', 1381831798, 6, 64, 1),
(695, 'Vĩnh Tường', 1381831810, 7, 64, 1),
(696, 'Vĩnh Yên', 1381831820, 8, 64, 1),
(697, 'Yên Lạc', 1381831831, 9, 64, 1),
(698, 'Lục Yên', 1402893408, 1, 65, 1),
(699, 'Mù Căng Chải', 1381831868, 2, 65, 1),
(700, 'Nghĩa Lộ', 1381831879, 3, 65, 1),
(701, 'Trạm Tấu', 1381831891, 4, 65, 1),
(702, 'Trấn Yên', 1381831902, 5, 65, 1),
(703, 'Văn Chấn', 1381831913, 6, 65, 1),
(704, 'Văn Yên', 1381831925, 7, 65, 1),
(705, 'Yên Bái', 1381831939, 8, 65, 1),
(706, 'Yên Bình', 1381831963, 9, 65, 1);

-- --------------------------------------------------------

--
-- Table structure for table `guest`
--

CREATE TABLE `guest` (
  `id` int(11) NOT NULL,
  `name` varchar(100) NOT NULL,
  `email` varchar(100) NOT NULL,
  `phone` varchar(11) NOT NULL,
  `address` varchar(255) NOT NULL
) ENGINE=InnoDB DEFAULT CHARSET=utf8;

--
-- Dumping data for table `guest`
--

INSERT INTO `guest` (`id`, `name`, `email`, `phone`, `address`) VALUES
(2, 'Nguyễn Đôn Tình', 'dontinhqt@gmail.com', '01673990946', 'Thanh Lê'),
(3, 'Nguyễn Đôn Tình', 'dontinhqt@gmail.com', '01673990946', 'Thanh Lê'),
(4, 'Nguyễn Đôn Tình', 'dontinhqt@gmail.com', '01673990946', 'Thanh Lê'),
(5, 'Tinh', 'dontinhqt@gmail.com', '016739909', 'QT');

-- --------------------------------------------------------

--
-- Table structure for table `orders`
--

CREATE TABLE `orders` (
  `iod` int(11) NOT NULL,
  `idthanhvien` varchar(100) COLLATE utf8_unicode_ci DEFAULT NULL,
  `date` timestamp NULL DEFAULT NULL,
  `tinh` varchar(100) COLLATE utf8_unicode_ci NOT NULL,
  `quan` varchar(100) COLLATE utf8_unicode_ci NOT NULL
) ENGINE=InnoDB DEFAULT CHARSET=utf8 COLLATE=utf8_unicode_ci;

--
-- Dumping data for table `orders`
--

INSERT INTO `orders` (`iod`, `idthanhvien`, `date`, `tinh`, `quan`) VALUES
(39, '2', '2016-02-22 09:18:45', '13', '160'),
(40, '3', '2016-02-22 09:22:06', '18', '209'),
(41, '4', '2016-02-22 09:25:38', '', ''),
(42, '5', '2016-02-22 09:37:05', '', '');

-- --------------------------------------------------------

--
-- Table structure for table `order_detail`
--

CREATE TABLE `order_detail` (
  `id` int(11) NOT NULL,
  `orderid` varchar(100) COLLATE utf8_unicode_ci DEFAULT NULL,
  `idsp` varchar(100) COLLATE utf8_unicode_ci DEFAULT NULL,
  `size` varchar(100) COLLATE utf8_unicode_ci NOT NULL,
  `quantity` varchar(250) COLLATE utf8_unicode_ci DEFAULT NULL,
  `price` varchar(250) COLLATE utf8_unicode_ci DEFAULT NULL,
  `tongtien` int(11) NOT NULL,
  `tinhtrang` int(11) NOT NULL
) ENGINE=InnoDB DEFAULT CHARSET=utf8 COLLATE=utf8_unicode_ci;

--
-- Dumping data for table `order_detail`
--

INSERT INTO `order_detail` (`id`, `orderid`, `idsp`, `size`, `quantity`, `price`, `tongtien`, `tinhtrang`) VALUES
(49, '39', '1-ao-thun-nu-soc-ngang-tui-tho-cam-co-phoi-ren', '', '1', '2050000', 2050000, 0),
(50, '40', '1-ao-thun-nu-soc-ngang-tui-tho-cam-co-phoi-ren', '', '1', '2050000', 2050000, 0),
(51, '41', '1-ao-thun-nu-soc-ngang-tui-tho-cam-co-phoi-ren', '', '1', '2050000', 2050000, 0),
(52, '42', '10-quan-short-kaki-nam-tui-hop', '', '3', '175000', 525000, 0);

-- --------------------------------------------------------

--
-- Table structure for table `place`
--

CREATE TABLE `place` (
  `id` int(11) NOT NULL,
  `name` varchar(255) NOT NULL,
  `adress` text NOT NULL,
  `map` text NOT NULL
) ENGINE=InnoDB DEFAULT CHARSET=utf8;

--
-- Dumping data for table `place`
--

INSERT INTO `place` (`id`, `name`, `adress`, `map`) VALUES
(1, 'Copyright © 2015 demo', '<p>C&ocirc;ng ty Cổ phần C&ocirc;ng nghệ AAAA, th&agrave;nh vi&ecirc;n của Tập đo&agrave;n</p>\r\n\r\n<p>Số điện thoại : 0123456789</p>\r\n\r\n<p>Địa chỉ: T&ograve;a nh&agrave; CCCCCC, L&ocirc; 29B-31B-33B, Đường T&acirc;n Thuận, KCX T&acirc;n Thuận, Phường T&acirc;n Thuận Đ&ocirc;ng, Quận 7, Tp.HCM.</p>\r\n\r\n<p>Số ĐKKD: XXXXXXXXXXXXX</p>\r\n', '');

-- --------------------------------------------------------

--
-- Table structure for table `product`
--

CREATE TABLE `product` (
  `id` int(11) NOT NULL,
  `name` varchar(100) NOT NULL,
  `code` varchar(20) NOT NULL,
  `price` varchar(20) NOT NULL,
  `sale` varchar(20) NOT NULL,
  `image` varchar(255) NOT NULL,
  `category` int(11) NOT NULL,
  `qty` int(11) NOT NULL,
  `view` int(11) NOT NULL,
  `buys` int(11) NOT NULL,
  `date` date NOT NULL,
  `made_in` varchar(100) NOT NULL,
  `keyword` varchar(100) NOT NULL,
  `info` text NOT NULL
) ENGINE=InnoDB DEFAULT CHARSET=utf8;

--
-- Dumping data for table `product`
--

INSERT INTO `product` (`id`, `name`, `code`, `price`, `sale`, `image`, `category`, `qty`, `view`, `buys`, `date`, `made_in`, `keyword`, `info`) VALUES
(1, 'Áo Thun Nữ Sọc Ngang Túi Thổ Cẩm Cổ Phối Ren', 'GAT311', '2050000', '', 'aothun-dosoc-trang-tuithocam-coren.jpg', 3, 50, 38, 151, '2016-02-20', 'Trung Quốc', 'Áo Thun Nữ Sọc Ngang Túi Thổ Cẩm Cổ Phối Ren', '<p>- M&atilde; sp: GAT311<br />\r\n- Chất liệu: Thun cotton mềm mại<br />\r\n- M&agrave;u sắc: Đỏ - X&aacute;m<br />\r\n- &Aacute;o phối t&uacute;i thổ cẩm &amp; ren viền cổ dễ thương<br />\r\n- Size: cho bạn g&aacute;i dưới 53kg<br />\r\n- D&agrave;i &aacute;o<br />\r\n- H&igrave;nh thật sản phẩm 100%.</p>\r\n\r\n<p><img alt="áo thun nữ sọc ngang cổ viền ren túi thổ cẩm" src="http://www.gaugaushop.com/img/user/product/AAA/Ao-thun/GAT311/aothun-dosoc-trang-tuithocam-coren.jpg" style="height:600px; width:600px" title="áo thun nữ sọc ngang cổ viền ren túi thổ cẩm" /></p>\r\n\r\n<p>&nbsp;</p>\r\n\r\n<p><img alt="áo thun nữ sọc thổ cẩm xinh" src="http://www.gaugaushop.com/img/user/product/AAA/Ao-thun/GAT311/aothun-nu-socngang-tui-thocam-cophoiren.jpg" style="height:600px; width:600px" title="áo thun nữ sọc thổ cẩm xinh" /></p>\r\n\r\n<p>&nbsp;</p>\r\n\r\n<p><img alt="" src="http://www.gaugaushop.com/img/user/product/AAA/Ao-thun/GAT311/aothun-nu-coren.jpg" style="height:382px; width:580px" /></p>\r\n\r\n<p>&nbsp;</p>\r\n\r\n<p><img alt="" src="http://www.gaugaushop.com/img/user/product/AAA/Ao-thun/GAT311/aothun-soc-tuithocam.jpg" style="height:382px; width:580px" /></p>\r\n\r\n<p>&nbsp;</p>\r\n\r\n<p><img alt="" src="http://www.gaugaushop.com/img/user/product/AAA/Ao-thun/GAT311/aothun-soc-xinh.jpg" style="height:382px; width:580px" /></p>\r\n\r\n<p>&nbsp;</p>\r\n'),
(2, 'Áo Tôn Bẹt Vai Phối Ren Cài Nút', 'GAU231', '185000', '', 'ao-ton-bet-vai-ren-tay-bo-gau-mau-trang.jpg', 3, 45, 15, 1, '2016-02-20', 'Trung Quốc', 'Áo Tôn Bẹt Vai Phối Ren Cài Nút', '<p>- M&atilde; sp: GAU231.<br />\r\n- M&agrave;u: Trắng - Đen - Xanh Đen.<br />\r\n- Chất liệu: Vải t&ocirc;n.<br />\r\n- K&iacute;ch thước: size M.<br />\r\n- D&agrave;i &aacute;o: 49cm ; Ngực: 90cm ; Tay: 49cm.<br />\r\n- H&igrave;nh thật sản phẩm 100%.</p>\r\n\r\n<p>185.000<sup>đ</sup></p>\r\n'),
(3, 'Áo Khoác Jean Nữ 3 Nút Vạt Xéo', 'GAK115', '350000', '', 'aokhoac-jean-vatxeo-3nut.jpg', 3, 45, 9, 1, '2016-02-20', 'Trung Quốc', 'Áo Khoác Jean Nữ 3 Nút Vạt Xéo', '<p>- M&atilde; sp: GAK115<br />\r\n- Chất liệu: Denim Jean<br />\r\n- &Aacute;o vạt x&eacute;o c&oacute; 3 n&uacute;t c&agrave;i s&agrave;nh điệu<br />\r\n- M&agrave;u sắc: Xanh Denim Đậm - Nhạt<br />\r\n- Size: M - cho bạn g&aacute;i dưới 53kg<br />\r\n- D&agrave;i &aacute;o: 50cm - Ngực: 100cm - Tay d&agrave;i: 60cm<br />\r\n- H&igrave;nh thật sản phẩm 100%.</p>\r\n\r\n<p>350.000<sup>đ</sup></p>\r\n\r\n<p>&nbsp;</p>\r\n\r\n<p><img alt="áo khoác jean nữ vạt xéo 3 nút" src="http://www.gaugaushop.com/img/user/product/AAA/AK/GAK115/aokhoac-jean-vatxeo-3nut.jpg" style="height:600px; width:600px" title="áo khoác jean nữ vạt xéo 3 nút" /></p>\r\n\r\n<p>&nbsp;</p>\r\n\r\n<p><img alt="áo khoác jean denim nữ croptop" src="http://www.gaugaushop.com/img/user/product/AAA/AK/GAK115/aokhoac-jean-nu-vatxeo.jpg" style="height:600px; width:600px" title="áo khoác jean denim nữ croptop" /></p>\r\n\r\n<p>&nbsp;</p>\r\n\r\n<p><img alt="" src="http://www.gaugaushop.com/img/user/product/AAA/AK/GAK115/aokhoac-jean-nu-3nut.jpg" style="height:386px; width:580px" /></p>\r\n\r\n<p>&nbsp;</p>\r\n\r\n<p><img alt="" src="http://www.gaugaushop.com/img/user/product/AAA/AK/GAK115/aokhoacjean0nu.jpg" style="height:386px; width:580px" /></p>\r\n\r\n<p>&nbsp;</p>\r\n\r\n<p><img alt="áo khoác jean denim nữ 3 nút vạt xéo" src="http://www.gaugaushop.com/img/user/product/AAA/AK/GAK115/aokhoac-jean-nu-3nut-xanh.jpg" style="height:600px; width:600px" title="áo khoác jean denim nữ 3 nút vạt xéo" /></p>\r\n\r\n<p>&nbsp;</p>\r\n\r\n<p><img alt="" src="http://www.gaugaushop.com/img/user/product/AAA/AK/GAK115/ak-jean-nu.jpg" style="height:386px; width:580px" /></p>\r\n\r\n<p>&nbsp;</p>\r\n\r\n<p><img alt="" src="http://www.gaugaushop.com/img/user/product/AAA/AK/GAK115/ak-jean-vatxeo-nu.jpg" style="height:386px; width:580px" /></p>\r\n\r\n<p>&nbsp;</p>\r\n\r\n<p><img alt="" src="http://www.gaugaushop.com/img/user/product/AAA/AK/GAK115/ak-jean-vatxeo.jpg" style="height:386px; width:580px" /></p>\r\n\r\n<p>&nbsp;</p>\r\n\r\n<p><img alt="" src="http://www.gaugaushop.com/img/user/product/AAA/AK/GAK115/akjean-nu.jpg" style="height:386px; width:580px" /></p>\r\n\r\n<p>&nbsp;</p>\r\n\r\n<p><img alt="" src="http://www.gaugaushop.com/img/user/product/AAA/AK/GAK115/aokhoac-jean.jpg" style="height:386px; width:580px" /></p>\r\n\r\n<p>&nbsp;</p>\r\n'),
(4, 'Quần Baggy Thổ Cẩm Lật Lai Bi ', 'GQK029', '250000', '', 'quan-baggy-tho-cam-mau-beige.jpg', 5, 45, 5, 1, '2016-02-20', 'Trung Quốc', 'Quần Baggy Thổ Cẩm Lật Lai Bi ', '<p>- M&atilde; sp: GQK029.<br />\r\n- M&agrave;u sắc: Xanh - Beige.<br />\r\n- Chất liệu: Vải Kaki mịn, lưng thun th&ecirc;u thổ cẩm c&aacute; t&iacute;nh, bụi bẫm.<br />\r\n- Freesize - th&iacute;ch hợp cho bạn g&aacute;i dưới 55kg (t&ugrave;y c&acirc;n nặng v&agrave; chiều cao)<br />\r\n- D&agrave;i: 90cm - Eo thun: 58 - 80cm - Đ&ugrave;i 56cm - Ống: 36cm.<br />\r\n- Sản phẩm giống y h&igrave;nh.</p>\r\n\r\n<p><img alt="" src="http://www.gaugaushop.com/img/user/product/AAA/Quan-Kieu/GQK029/quan-baggy-tho-cam-mau-beige.jpg" style="height:778px; width:600px" /></p>\r\n\r\n<p>&nbsp;</p>\r\n\r\n<p><img alt="" src="http://www.gaugaushop.com/img/user/product/AAA/Quan-Kieu/GQK029/quan-baggy-tho-cam-mau-beige-3.jpg" style="height:864px; width:600px" /></p>\r\n\r\n<p>&nbsp;</p>\r\n\r\n<p><img alt="" src="http://www.gaugaushop.com/img/user/product/AAA/Quan-Kieu/GQK029/quan-baggy-tho-cam-mau-beige-1.jpg" style="height:400px; width:600px" /></p>\r\n\r\n<p>&nbsp;</p>\r\n\r\n<p><img alt="" src="http://www.gaugaushop.com/img/user/product/AAA/Quan-Kieu/GQK029/quan-baggy-tho-cam-mau-beige-4.jpg" style="height:400px; width:600px" /></p>\r\n\r\n<p>&nbsp;</p>\r\n\r\n<p><img alt="" src="http://www.gaugaushop.com/img/user/product/AAA/Quan-Kieu/GQK029/quan-baggy-tho-cam-mau-xanh-1.jpg" style="height:900px; width:600px" /></p>\r\n\r\n<p>&nbsp;</p>\r\n\r\n<p><img alt="" src="http://www.gaugaushop.com/img/user/product/AAA/Quan-Kieu/GQK029/quan-baggy-tho-cam-mau-xanh.jpg" style="height:561px; width:600px" /></p>\r\n\r\n<p>&nbsp;</p>\r\n\r\n<p><img alt="" src="http://www.gaugaushop.com/img/user/product/AAA/Quan-Kieu/GQK029/quan-baggy-tho-cam-mau-xanh-3.jpg" style="height:900px; width:600px" /></p>\r\n\r\n<p>&nbsp;</p>\r\n\r\n<p><img alt="" src="http://www.gaugaushop.com/img/user/product/AAA/Quan-Kieu/GQK029/quan-baggy-tho-cam-mau-xanh-2.jpg" style="height:900px; width:600px" /></p>\r\n\r\n<p>&nbsp;</p>\r\n\r\n<p><img alt="" src="http://www.gaugaushop.com/img/user/product/AAA/Quan-Kieu/GQK029/quan-baggy-tho-cam-mau-xanh-5.jpg" style="height:400px; width:600px" /></p>\r\n\r\n<p>&nbsp;</p>\r\n\r\n<p><img alt="" src="http://www.gaugaushop.com/img/user/product/AAA/Quan-Kieu/GQK029/quan-baggy-tho-cam-mau-xanh-4.jpg" style="height:400px; width:600px" /></p>\r\n\r\n<p>&nbsp;</p>\r\n'),
(5, 'Quần Baggy Lính Bo Gấu Lưng Thun', 'GQK028', '235000', '', 'quan-baggy-linh-ong-tum-lung-thun-1.jpg', 5, 45, 7, 1, '2016-02-20', 'Trung Quốc', 'Quần Baggy Lính Bo Gấu Lưng Thun', '<p>- M&atilde; sp: GQK028.<br />\r\n- Vải: Kaki.<br />\r\n- M&agrave;u: L&iacute;nh Rằn Ri như h&igrave;nh.<br />\r\n- K&iacute;ch thước: Size M.<br />\r\n- D&agrave;i: 88cm ; Eo thun: 60 - 80cm ; Đ&ugrave;i 52cm ; Ống: 22cm.<br />\r\n- Sản phẩm giống y h&igrave;nh.</p>\r\n\r\n<p><img alt="" src="http://www.gaugaushop.com/img/user/product/AAA/Quan-Kieu/GQK028/quan-baggy-linh-ong-tum-lung-thun-1.jpg" style="height:600px; width:600px" /></p>\r\n\r\n<p>&nbsp;</p>\r\n\r\n<p><img alt="" src="http://www.gaugaushop.com/img/user/product/AAA/Quan-Kieu/GQK028/quan-baggy-linh-ong-tum-lung-thun-2.jpg" style="height:600px; width:600px" /></p>\r\n\r\n<p>&nbsp;</p>\r\n\r\n<p><img alt="" src="http://www.gaugaushop.com/img/user/product/AAA/Quan-Kieu/GQK028/quan-baggy-linh-ong-tum-lung-thun-4.jpg" style="height:600px; width:600px" /></p>\r\n\r\n<p>&nbsp;</p>\r\n\r\n<p><img alt="" src="http://www.gaugaushop.com/img/user/product/AAA/Quan-Kieu/GQK028/quan-baggy-linh-ong-tum-lung-thun-51.jpg" style="height:600px; width:600px" /></p>\r\n\r\n<p><img alt="" src="http://www.gaugaushop.com/img/user/product/AAA/Quan-Kieu/GQK028/quan-baggy-linh-ong-tum-lung-thun-6.jpg" style="height:600px; width:600px" /></p>\r\n\r\n<p>&nbsp;</p>\r\n\r\n<p><img alt="" src="http://www.gaugaushop.com/img/user/product/AAA/Quan-Kieu/GQK028/quan-baggy-linh-ong-tum-lung-thun-7.jpg" style="height:600px; width:600px" /></p>\r\n\r\n<p>&nbsp;</p>\r\n\r\n<p><img alt="" src="http://www.gaugaushop.com/img/user/product/AAA/Quan-Kieu/GQK028/quan-baggy-linh-ong-tum-lung-thun.jpg" style="height:600px; width:600px" /></p>\r\n\r\n<p>&nbsp;</p>\r\n\r\n<p><img alt="" src="http://www.gaugaushop.com/img/user/product/AAA/Quan-Kieu/GQK028/quan-baggy-linh-ong-tum-lung-thun-5.jpg" style="height:600px; width:600px" /></p>\r\n\r\n<p>&nbsp;</p>\r\n\r\n<p><img alt="" src="http://www.gaugaushop.com/img/user/product/AAA/Quan-Kieu/GQK028/quan-baggy-linh-ong-tum-lung-thun-3.jpg" style="height:600px; width:600px" /></p>\r\n'),
(6, 'Balo Da Mini Đinh Tán HQ', 'GBL036', '320000', '', 'balo-nu-mini-den-dinhtan-doc.jpg', 6, 45, 60, 1, '2016-02-20', 'Trung Quốc', 'Balo Da Mini Đinh Tán HQ', '<p>- M&atilde; sp: GBL036.<br />\r\n- M&agrave;u sắc: Trắng - Hồng - Đen.<br />\r\n- Chất liệu: Da PU.<br />\r\n- K&iacute;ch thước: 18 x 12 x 24cm.<br />\r\n- H&igrave;nh thật sản phẩm 100%.</p>\r\n\r\n<p>320.000<sup>đ</sup></p>\r\n\r\n<p><img alt="" src="http://www.gaugaushop.com/img/user/product/AAA/BaLo/GBL036/balo-nu-mini-hong-dinhtan-xinh-6.jpg" style="height:356px; width:600px" /></p>\r\n\r\n<p>&nbsp;</p>\r\n\r\n<p><img alt="" src="http://www.gaugaushop.com/img/user/product/AAA/BaLo/GBL036/balo-nu-mini-hong-dinhtan-xinh-1.jpg" style="height:389px; width:600px" /></p>\r\n\r\n<p>&nbsp;</p>\r\n\r\n<p><img alt="" src="http://www.gaugaushop.com/img/user/product/AAA/BaLo/GBL036/balo-nu-mini-hong-dinhtan-xinh-2.jpg" style="height:353px; width:600px" /></p>\r\n\r\n<p>&nbsp;</p>\r\n\r\n<p><img alt="" src="http://www.gaugaushop.com/img/user/product/AAA/BaLo/GBL036/balo-nu-mini-hong-dinhtan-xinh-trang.jpg" style="height:600px; width:600px" /></p>\r\n'),
(7, 'Hàng Nhập Cao Cấp - Đầm Ren Xòe', 'HR571', '809000', '', '96b93f_simg_ab1f47_350x350_maxb.jpg', 7, 45, 1, 1, '2016-02-20', 'Trung Quốc', 'Hàng Nhập Cao Cấp - Đầm Ren Xòe', '<p style="text-align:start"><span style="font-family:arial,helvetica,sans-serif; font-size:medium"><strong>M&ocirc; tả về sản phẩm:</strong></span></p>\r\n\r\n<p style="text-align:start"><span style="font-family:arial,helvetica,sans-serif; font-size:medium"><span style="font-family:arial,helvetica,sans-serif; font-size:medium">Đầm x&ograve;e l&agrave; chọn lựa tối ưu nhất của c&aacute;c c&ocirc; n&agrave;ng đi tiệc. Đầm x&ograve;e vừa che được khuyết tốt nhất. Đầm x&ograve;e c&ograve;n gi&uacute;p cho c&aacute;c bạn di chuyển một c&aacute;ch dễ d&agrave;ng v&agrave; thoải m&aacute;i. Với chất liệu ren tua rua ch&acirc;n v&aacute;y v&agrave; form tay rộng tua rua, Zahra gi&uacute;p bạn che đi khuyết điểm ở tay v&agrave; tăng th&ecirc;m chiều cao của đ&ocirc;i ch&acirc;n bạn</span><span style="font-family:arial,helvetica,sans-serif; font-size:medium">.</span></span></p>\r\n\r\n<p style="text-align:start"><span style="font-family:arial,helvetica,sans-serif; font-size:medium"><strong>Th&ocirc;ng tin chi tiết</strong></span></p>\r\n\r\n<p style="text-align:start"><span style="font-family:arial,helvetica,sans-serif; font-size:medium">-&nbsp;&nbsp;&nbsp;&nbsp;&nbsp;&nbsp;&nbsp;T&ecirc;n sản phẩm:&nbsp;</span><span style="font-family:arial,helvetica,sans-serif; font-size:medium"><strong><a href="https://www.sendo.vn/dam-ren.htm">ĐẦM REN</a> HỌA TIẾT TUA RUA HR571</strong></span></p>\r\n\r\n<p style="text-align:start"><span style="font-family:arial,helvetica,sans-serif; font-size:medium">-&nbsp;&nbsp;&nbsp;&nbsp;&nbsp;&nbsp;&nbsp;M&atilde; sản phẩm:&nbsp;</span><strong>HR571</strong></p>\r\n\r\n<p style="text-align:start"><span style="font-family:arial,helvetica,sans-serif; font-size:medium">-&nbsp;&nbsp;&nbsp;&nbsp;&nbsp;&nbsp;&nbsp;Chất liệu ch&iacute;nh: Vải&nbsp;</span><span style="font-family:arial,helvetica,sans-serif; font-size:medium"><span style="font-family:tahoma,arial,helvetica,sans-serif; font-size:13px">ren c&oacute; l&oacute;t, d&acirc;y k&eacute;o sau&nbsp;</span></span></p>\r\n\r\n<p style="text-align:start"><span style="font-family:arial,helvetica,sans-serif; font-size:medium"><span style="font-family:arial,helvetica,sans-serif; font-size:medium">-<span style="font-family:arial,helvetica,sans-serif; font-size:medium">&nbsp;&nbsp;&nbsp;&nbsp;&nbsp;&nbsp;&nbsp;</span></span><span style="font-family:arial,helvetica,sans-serif; font-size:medium">M&agrave;u sắc thực sản phẩm:&nbsp; Trắng</span></span></p>\r\n\r\n<p style="text-align:start">&nbsp;</p>\r\n\r\n<p style="text-align:start"><span style="font-family:arial,helvetica,sans-serif; font-size:medium"><strong>Chi tiết k&iacute;ch thước sản phầm</strong></span></p>\r\n\r\n<p style="text-align:start"><span style="font-family:arial,helvetica,sans-serif; font-size:medium">Size S &nbsp;: Ngực 86- Eo<span style="font-family:arial,helvetica,sans-serif; font-size:medium">&nbsp;</span>72 - X&ograve;e- D&agrave;i v&aacute;y &nbsp;88</span></p>\r\n\r\n<p style="text-align:start"><span style="font-family:arial,helvetica,sans-serif; font-size:medium">Size M &nbsp;: Ngực 90- Eo 76 -&nbsp;X&ograve;e&nbsp;- D&agrave;i v&aacute;y &nbsp;90</span></p>\r\n\r\n<p style="text-align:start"><span style="font-family:arial,helvetica,sans-serif; font-size:medium">Size L : Ngực 94 - Eo 80 -&nbsp;X&ograve;e&nbsp;- D&agrave;i v&aacute;y 92</span></p>\r\n\r\n<p style="text-align:start"><span style="font-family:arial,helvetica,sans-serif; font-size:medium">Size XL: Ngực 98 &ndash; Eo 84&ndash;&nbsp;X&ograve;e&nbsp;&ndash; D&agrave;i v&aacute;y 94</span></p>\r\n'),
(8, 'Maxi Voal Lụa Họa Tiết Tế Bào', 'HR173', '294000', '', 'e2d340_simg_b9ae40_720-720-0-145_cropf_simg_ab1f47_350x350_maxb.jpg', 7, 45, 1, 1, '2016-02-20', 'Trung Quốc', 'Maxi Voal Lụa Họa Tiết Tế Bào', '<p style="text-align:start"><span style="font-size:medium">Chất liệu: Voal Lụa&nbsp;</span></p>\r\n\r\n<p style="text-align:start"><span style="font-size:medium">M&agrave;u Sắc: <a href="https://www.sendo.vn/hoa-tiet.htm">Họa Tiết</a></span></p>\r\n\r\n<table class="mceItemTable" style="-webkit-text-stroke-width:0px; border-collapse:collapse; cursor:default; font-family:verdana,arial,helvetica,sans-serif; letter-spacing:normal; orphans:auto; text-indent:0px; text-transform:none; widows:1; width:613pt; word-spacing:0px">\r\n	<tbody>\r\n		<tr>\r\n			<td colspan="8" style="height:15pt; text-align:center; width:494pt"><span style="font-size:medium">K&Iacute;CH THƯỚC SẢN PHẨM</span></td>\r\n		</tr>\r\n		<tr>\r\n			<td style="height:30pt"><span style="font-size:medium">Size</span></td>\r\n			<td><span style="font-size:medium">Eo</span></td>\r\n			<td><span style="font-size:medium">M&ocirc;ng</span></td>\r\n			<td><span style="font-size:medium">D&agrave;i</span></td>\r\n			<td><span style="font-size:medium">M&ocirc;ng</span></td>\r\n			<td><span style="font-size:medium">D&agrave;i &Aacute;o</span></td>\r\n			<td style="width:114pt"><span style="font-size:medium">C&acirc;n Nặng/ Chiều Cao</span><br />\r\n			<span style="font-size:medium">150 - 158 cm</span></td>\r\n			<td style="width:119pt"><span style="font-size:medium">C&acirc;n Nặng/&nbsp;</span><br />\r\n			<span style="font-size:medium">Chiều cao tr&ecirc;n 158 cm</span></td>\r\n		</tr>\r\n		<tr>\r\n			<td style="height:15pt"><span style="font-size:medium">S</span></td>\r\n			<td><span style="font-size:medium">64-66</span></td>\r\n			<td><span style="font-size:medium">86</span></td>\r\n			<td><span style="font-size:medium">58</span></td>\r\n			<td><span style="font-size:medium">86</span></td>\r\n			<td><span style="font-size:medium">148</span></td>\r\n			<td><span style="font-size:medium">42-46 kg</span></td>\r\n			<td><span style="font-size:medium">48-50 kg</span></td>\r\n		</tr>\r\n		<tr>\r\n			<td style="height:15pt"><span style="font-size:medium">M</span></td>\r\n			<td><span style="font-size:medium">68-70</span></td>\r\n			<td><span style="font-size:medium">90</span></td>\r\n			<td><span style="font-size:medium">60</span></td>\r\n			<td><span style="font-size:medium">90</span></td>\r\n			<td><span style="font-size:medium">150</span></td>\r\n			<td><span style="font-size:medium">46-52 kg</span></td>\r\n			<td><span style="font-size:medium">50-54 kg</span></td>\r\n		</tr>\r\n		<tr>\r\n			<td style="height:15pt"><span style="font-size:medium">L</span></td>\r\n			<td><span style="font-size:medium">72-74</span></td>\r\n			<td><span style="font-size:medium">94</span></td>\r\n			<td><span style="font-size:medium">62</span></td>\r\n			<td><span style="font-size:medium">94</span></td>\r\n			<td><span style="font-size:medium">152</span></td>\r\n			<td><span style="font-size:medium">52-58kg</span></td>\r\n			<td><span style="font-size:medium">54-58 kg</span></td>\r\n		</tr>\r\n		<tr>\r\n			<td style="height:15pt"><span style="font-size:medium">XL</span></td>\r\n			<td><span style="font-size:medium">76-78</span></td>\r\n			<td><span style="font-size:medium">98</span></td>\r\n			<td><span style="font-size:medium">64</span></td>\r\n			<td><span style="font-size:medium">98</span></td>\r\n			<td><span style="font-size:medium">152</span></td>\r\n			<td><span style="font-size:medium">58-62kg</span></td>\r\n			<td><span style="font-size:medium">58-64 kg</span></td>\r\n		</tr>\r\n		<tr>\r\n			<td style="height:15pt"><span style="font-size:medium">XXL</span></td>\r\n			<td><span style="font-size:medium">82-84</span></td>\r\n			<td><span style="font-size:medium">102</span></td>\r\n			<td><span style="font-size:medium">64</span></td>\r\n			<td><span style="font-size:medium">102</span></td>\r\n			<td><span style="font-size:medium">152</span></td>\r\n			<td><span style="font-size:medium">62-66 kg</span></td>\r\n			<td><span style="font-size:medium">64-68 kg</span></td>\r\n		</tr>\r\n	</tbody>\r\n</table>\r\n\r\n<p style="text-align:start"><img alt="Maxi Voal Lụa Họa Tiết Tế Bào - HR173 1" src="https://media3.scdn.vn/img1/2015/5_9/maxi-voal-lua-hoa-tiet-te-bao-hr173-1m4G3-27aea7_simg_d0daf0_800x1200_max.jpg" style="border:0px; cursor:default; display:block; margin:0px auto" /><br />\r\n<br />\r\n<br />\r\n<br />\r\n<br />\r\n<br />\r\n<br />\r\n<br />\r\n<br />\r\n<br />\r\n<br />\r\n<br />\r\n<br />\r\n<br />\r\n<br />\r\n<br />\r\n<br />\r\n<img alt="Maxi Voal Lụa Họa Tiết Tế Bào - HR173 2" src="https://media3.scdn.vn/img1/2015/5_9/maxi-voal-lua-hoa-tiet-te-bao-hr173-1m4G3-f4a9c0_simg_d0daf0_800x1200_max.jpg" style="border:0px; cursor:default; display:block; margin:0px auto" /><br />\r\n<br />\r\n<br />\r\n&nbsp;</p>\r\n'),
(9, 'Hàng Nhập Cao Cấp - Đầm Len Dệt Kim Dáng Xòe', 'HR614', '905000', '', '208c39_simg_ab1f47_350x350_maxb.jpg', 7, 45, 1, 1, '2016-02-20', 'Trung Quốc', 'Hàng Nhập Cao Cấp - Đầm Len Dệt Kim Dáng Xòe', '<div class="tab-product-detail" id="tab-product-detail">\r\n<p><span style="font-family:arial,helvetica,sans-serif; font-size:medium"><strong>M&ocirc; tả về sản phẩm:</strong></span></p>\r\n\r\n<p><span style="font-family:arial,helvetica,sans-serif; font-size:medium"><a href="https://www.sendo.vn/dam-len.htm">Đầm len</a> <a href="https://www.sendo.vn/det-kim.htm">dệt kim</a> lu&ocirc;n tạo cho người mặc cảm gi&aacute;c thoải m&aacute;y v&igrave; t&iacute;nh co giản của len tốt v&agrave; độ đ&agrave;n hồn rất cao. Sợi len dệt tạo n&ecirc;n n&eacute;t sang trọng đẳng cấp cho chiếc đầm, Zahra gi&uacute;p bạn nữ lu&ocirc;n lu&ocirc;n tự tin duy&ecirc;n d&aacute;ng c&ugrave;ng cuộc sống.</span></p>\r\n\r\n<p><span style="font-family:arial,helvetica,sans-serif; font-size:medium"><strong>Th&ocirc;ng tin chi tiết</strong></span></p>\r\n\r\n<p><span style="font-family:arial,helvetica,sans-serif; font-size:medium">-&nbsp;&nbsp;&nbsp;&nbsp;&nbsp;&nbsp;&nbsp;T&ecirc;n sản phẩm:&nbsp;</span><span style="font-family:arial,helvetica,sans-serif; font-size:medium"><strong>Đầm Len Dệt Kim <a href="https://www.sendo.vn/dang-xoe.htm">D&aacute;ng X&ograve;e</a> HR614</strong></span></p>\r\n\r\n<p><span style="font-family:arial,helvetica,sans-serif; font-size:medium">-&nbsp;&nbsp;&nbsp;&nbsp;&nbsp;&nbsp;&nbsp;M&atilde; sản phẩm:&nbsp;</span><strong>HR614</strong></p>\r\n\r\n<p><span style="font-family:arial,helvetica,sans-serif; font-size:medium">-&nbsp;&nbsp;&nbsp;&nbsp;&nbsp;&nbsp;&nbsp;Chất liệu ch&iacute;nh: Len Dệt Kim</span></p>\r\n\r\n<p><span style="font-family:arial,helvetica,sans-serif; font-size:medium">-&nbsp;&nbsp;&nbsp;&nbsp;&nbsp;&nbsp;&nbsp;M&agrave;u sắc thực sản phẩm: &nbsp;đen,&nbsp;</span></p>\r\n\r\n<p><span style="font-family:arial,helvetica,sans-serif; font-size:medium"><strong>Chi tiết k&iacute;ch thước sản phầm</strong></span></p>\r\n\r\n<p><span style="font-family:arial,helvetica,sans-serif; font-size:medium">Size S &nbsp;: Ngực 86- Eo&nbsp;88&nbsp;- M&ocirc;ng&nbsp;Free - D&agrave;i v&aacute;y &nbsp;80</span></p>\r\n\r\n<p><span style="font-family:arial,helvetica,sans-serif; font-size:medium">Size M &nbsp;: Ngực 88- Eo 92 - M&ocirc;ng&nbsp;Free&nbsp;- D&agrave;i v&aacute;y &nbsp;82</span></p>\r\n\r\n<p><span style="font-family:arial,helvetica,sans-serif; font-size:medium">Size L : Ngực 92 - Eo 96 - M&ocirc;ng&nbsp;Free&nbsp;- D&agrave;i v&aacute;y 84</span></p>\r\n\r\n<p><span style="font-family:arial,helvetica,sans-serif; font-size:medium"><img alt="Hàng Nhập Cao Cấp - Đầm Len Dệt Kim Dáng Xòe HR614 1" src="https://media3.scdn.vn/img1/2016/1_16/hang-nhap-cao-cap-dam-len-det-kim-dang-xoe-hr614-1m4G3-0024ba_simg_d0daf0_800x1200_max.jpg" style="display:block; margin:0 auto" /><br />\r\n<br />\r\n<img alt="Hàng Nhập Cao Cấp - Đầm Len Dệt Kim Dáng Xòe HR614 2" src="https://media3.scdn.vn/img1/2016/1_16/hang-nhap-cao-cap-dam-len-det-kim-dang-xoe-hr614-1m4G3-208c39_simg_d0daf0_800x1200_max.jpg" style="display:block; margin:0 auto" /><br />\r\n<br />\r\n<img alt="Hàng Nhập Cao Cấp - Đầm Len Dệt Kim Dáng Xòe HR614 3" src="https://media3.scdn.vn/img1/2016/1_16/hang-nhap-cao-cap-dam-len-det-kim-dang-xoe-hr614-1m4G3-231fb1_simg_d0daf0_800x1200_max.jpg" style="display:block; margin:0 auto" /></span><br />\r\n<br />\r\n&nbsp;</p>\r\n\r\n<p>&nbsp;</p>\r\n</div>\r\n'),
(10, 'Quần Short Kaki Nam Túi Hộp', 'MSP22', '175000', '', '8fef9b_simg_ab1f47_350x350_maxb.jpg', 5, 45, 7, 46, '2016-02-20', 'Trung Quốc', 'Quần Short Kaki Nam Túi Hộp', '<div class="noidungchitiet" style="margin: 0px; padding: 0px; font-size: 12px; font-family: Tahoma, Geneva, sans-serif;">\r\n<p style="text-align:center">&nbsp;</p>\r\n\r\n<p style="text-align:center">&nbsp;</p>\r\n\r\n<p style="text-align:center"><span style="color:rgb(255, 0, 0)">&nbsp;&nbsp;&nbsp;<strong><span style="font-size:x-large">9HOTDEAL9 &gt;</span></strong></span></p>\r\n\r\n<p style="text-align:center">&nbsp;</p>\r\n\r\n<p style="text-align:center"><span style="color:rgb(0, 255, 0); font-size:x-large"><strong>CHUY&Ecirc;N CUNG CẤP SỈ LẺ THỜI TRANG NAM NỮ TO&Agrave;N&nbsp;</strong></span><strong>QUỐC</strong></p>\r\n\r\n<p style="text-align:center">&nbsp;</p>\r\n\r\n<p style="text-align:center"><span style="color:rgb(0, 0, 255)"><strong><span style="font-size:x-large">HOTLINE: 01686.258.583</span></strong>&nbsp;</span></p>\r\n\r\n<div class="noidungchitiet" style="margin: 0px; padding: 0px; font-size: 12px;">&nbsp;</div>\r\n</div>\r\n\r\n<div class="noidungchitiet" style="margin: 0px; padding: 0px; font-size: 12px; font-family: Tahoma, Geneva, sans-serif;">\r\n<p>&nbsp;</p>\r\n\r\n<p>&nbsp;</p>\r\n\r\n<p>&nbsp;</p>\r\n\r\n<p>&nbsp;</p>\r\n\r\n<p>&nbsp;</p>\r\n\r\n<p>&nbsp;</p>\r\n\r\n<p>&nbsp;</p>\r\n\r\n<p><br />\r\n<br />\r\n<span style="color:rgb(0, 0, 255); font-family:arial,tahoma,helvetica neue,helvetica,sans-serif; font-size:x-large"><strong><a href="https://www.sendo.vn/quan-short.htm" style="box-sizing: border-box; text-decoration: none; color: rgb(51, 51, 51); border: 0px; cursor: pointer;">Quần Short</a>&nbsp;Kaki Nam T&uacute;i Hộp MSP22</strong></span><br />\r\n&nbsp;</p>\r\n\r\n<p>&nbsp;</p>\r\n\r\n<p>&nbsp;</p>\r\n\r\n<p><img alt="Quần Short Kaki Nam Túi Hộp MSP22 1" src="https://media3.scdn.vn/img1/2015/8_17/quan-short-kaki-nam-tui-hop-msp22-1m4G3-quan-short-kaki-nam-tui-hop-msp22-kim-lien-135-1m4G3-f021a2_simg_d0daf0_800x1200_max.jpg" style="background:transparent; box-sizing:border-box; display:block; font-size:12px; margin:0px auto; max-width:100%; outline:0px; padding:0px; vertical-align:baseline" /><br />\r\n<br />\r\n<img alt="Quần Short Kaki Nam Túi Hộp MSP22 2" src="https://media3.scdn.vn/img1/2015/8_17/quan-short-kaki-nam-tui-hop-msp22-1m4G3-quan-short-kaki-nam-tui-hop-msp22-kim-lien-135-1m4G3-7048e1_simg_d0daf0_800x1200_max.jpg" style="background:transparent; box-sizing:border-box; display:block; font-size:12px; margin:0px auto; max-width:100%; outline:0px; padding:0px; vertical-align:baseline" /><br />\r\n<br />\r\n<img alt="Quần Short Kaki Nam Túi Hộp MSP22 3" src="https://media3.scdn.vn/img1/2015/8_17/quan-short-kaki-nam-tui-hop-msp22-1m4G3-quan-short-kaki-nam-tui-hop-msp22-kim-lien-135-1m4G3-3192f0_simg_d0daf0_800x1200_max.jpg" style="background:transparent; box-sizing:border-box; display:block; font-size:12px; margin:0px auto; max-width:100%; outline:0px; padding:0px; vertical-align:baseline" /><br />\r\n<br />\r\n<br />\r\n<br />\r\n<br />\r\n<br />\r\n<br />\r\n<br />\r\n<br />\r\n<img alt="Quần Short Kaki Nam Túi Hộp MSP22 4" src="https://media3.scdn.vn/img1/2015/9_3/quan-short-kaki-nam-tui-hop-msp22-1m4G3-65dfb9_simg_d0daf0_800x1200_max.jpg" style="display:block; margin:0 auto" /><br />\r\n<br />\r\n<img alt="Quần Short Kaki Nam Túi Hộp MSP22 5" src="https://media3.scdn.vn/img1/2015/9_3/quan-short-kaki-nam-tui-hop-msp22-1m4G3-4a3b0f_simg_d0daf0_800x1200_max.jpg" style="display:block; margin:0 auto" /><br />\r\n<br />\r\n<img alt="Quần Short Kaki Nam Túi Hộp MSP22 6" src="https://media3.scdn.vn/img1/2015/9_3/quan-short-kaki-nam-tui-hop-msp22-1m4G3-5fc2fc_simg_d0daf0_800x1200_max.jpg" style="display:block; margin:0 auto" /><br />\r\n<br />\r\n<img alt="Quần Short Kaki Nam Túi Hộp MSP22 7" src="https://media3.scdn.vn/img1/2015/9_3/quan-short-kaki-nam-tui-hop-msp22-1m4G3-cdaaa5_simg_d0daf0_800x1200_max.jpg" style="display:block; margin:0 auto" /><br />\r\n<br />\r\n<img alt="Quần Short Kaki Nam Túi Hộp MSP22 8" src="https://media3.scdn.vn/img1/2015/9_3/quan-short-kaki-nam-tui-hop-msp22-1m4G3-b8722a_simg_d0daf0_800x1200_max.jpg" style="display:block; margin:0 auto" /><br />\r\n<br />\r\n<img alt="Quần Short Kaki Nam Túi Hộp MSP22 9" src="https://media3.scdn.vn/img1/2015/9_3/quan-short-kaki-nam-tui-hop-msp22-1m4G3-cb069d_simg_d0daf0_800x1200_max.jpg" style="display:block; margin:0 auto" /><br />\r\n<br />\r\n<img alt="Quần Short Kaki Nam Túi Hộp MSP22 10" src="https://media3.scdn.vn/img1/2015/9_3/quan-short-kaki-nam-tui-hop-msp22-1m4G3-e3d382_simg_d0daf0_800x1200_max.jpg" style="display:block; margin:0 auto" /><br />\r\n<br />\r\n<br />\r\n<br />\r\n&nbsp;</p>\r\n\r\n<p>&nbsp;</p>\r\n\r\n<p style="text-align:justify">&nbsp;</p>\r\n\r\n<p style="text-align:justify"><span style="font-family:arial,tahoma,helvetica neue,helvetica,sans-serif; font-size:x-large">+&nbsp;Qu&acirc;̀n&nbsp;<a href="https://www.sendo.vn/short-nam.htm" style="box-sizing: border-box; text-decoration: none; color: rgb(51, 51, 51); border: 0px; cursor: pointer;">short nam</a>&nbsp;th&ecirc;̉ thao&nbsp;với thi&ecirc;́t k&ecirc;́ đơn giản, ch&acirc;́t li&ecirc;̣u m&ecirc;̀m mại giúp người mặc thoải mái hơn</span></p>\r\n\r\n<p style="text-align:justify"><span style="font-family:arial,tahoma,helvetica neue,helvetica,sans-serif; font-size:x-large">trong các hoạt đ&ocirc;̣ng.</span></p>\r\n\r\n<p style="text-align:justify"><br />\r\n<span style="font-family:arial,tahoma,helvetica neue,helvetica,sans-serif; font-size:x-large">+ Quần kaki nam&nbsp;<a href="https://www.sendo.vn/the-thao.htm" style="box-sizing: border-box; text-decoration: none; color: rgb(51, 51, 51); border: 0px; cursor: pointer;">thể thao</a>&nbsp;mang đến cho ch&agrave;ng trai vẻ ngo&agrave;i năng động, khỏe khoắn v&agrave; đầy c&aacute; t&iacute;nh.</span></p>\r\n\r\n<p style="text-align:justify">&nbsp;</p>\r\n\r\n<p style="text-align:justify"><span style="font-family:arial,tahoma,helvetica neue,helvetica,sans-serif; font-size:x-large">+&nbsp;<span style="color:rgb(0, 0, 255); font-size:24px"><span style="color:#0000ff; font-family:arial,tahoma,helvetica neue,helvetica,sans-serif; font-size:x-large"><strong><a href="https://www.sendo.vn/quan-short.htm">Quần Short</a> Kaki Nam T&uacute;i Hộp MSP22</strong></span></span><span style="color:#333333; font-family:arial,tahoma,helvetica neue,helvetica,sans-serif; font-size:x-large">&nbsp;dễ d&agrave;ng mix c&ugrave;ng c&aacute;c kiểu &aacute;o như: ba lỗ, s&aacute;t c&aacute;nh, t-</span></span></p>\r\n\r\n<p style="text-align:justify"><span style="font-family:arial,tahoma,helvetica neue,helvetica,sans-serif; font-size:x-large">shirt&nbsp;</span><span style="font-family:arial,tahoma,helvetica neue,helvetica,sans-serif; font-size:x-large">đơn giản để diện khi chơi <a href="https://www.sendo.vn/the-thao.htm">thể thao</a> hay&nbsp;</span><span style="font-family:arial,tahoma,helvetica neue,helvetica,sans-serif; font-size:x-large">dạo phố...</span></p>\r\n\r\n<p style="text-align:justify"><br />\r\n<span style="font-family:arial,tahoma,helvetica neue,helvetica,sans-serif; font-size:x-large">+ Chất liệu: Kaki mềm mại, tho&aacute;ng m&aacute;t tạo cảm gi&aacute;c thoải&nbsp;</span><span style="font-family:arial,tahoma,helvetica neue,helvetica,sans-serif; font-size:x-large">m&aacute;i khi mặc.</span></p>\r\n\r\n<p style="text-align:justify">&nbsp;</p>\r\n\r\n<p style="text-align:justify"><br />\r\n<span style="font-family:arial,tahoma,helvetica neue,helvetica,sans-serif; font-size:x-large">+ Sản phẩm kh&ocirc;ng k&egrave;m d&acirc;y nịt.</span></p>\r\n\r\n<p style="text-align:justify">&nbsp;</p>\r\n\r\n<p style="text-align:justify">&nbsp;</p>\r\n\r\n<p><strong>TH&Ocirc;NG TIN SẢN PHẨM:</strong></p>\r\n\r\n<p>&nbsp;</p>\r\n\r\n<p>&nbsp;</p>\r\n\r\n<p>&nbsp;</p>\r\n\r\n<p>-&nbsp;<strong>M&agrave;u sắc: Xanh r&ecirc;u, Kem v&agrave;ng, N&acirc;u đất</strong></p>\r\n\r\n<p><br />\r\n<br />\r\n<span style="font-family:arial,tahoma,helvetica neue,helvetica,sans-serif; font-size:x-large">-</span>&nbsp;<strong>Chất liệu: Kaki</strong></p>\r\n\r\n<p><br />\r\n<br />\r\n<span style="font-family:arial,tahoma,helvetica neue,helvetica,sans-serif; font-size:x-large">-</span>&nbsp;<strong>K&iacute;ch thước</strong><span style="font-family:arial,tahoma,helvetica neue,helvetica,sans-serif; font-size:x-large">:&nbsp;28, 29, 30, 31, 32, 34</span></p>\r\n\r\n<p>&nbsp;</p>\r\n\r\n<p>&nbsp;</p>\r\n\r\n<p><span style="font-family:arial,tahoma,helvetica neue,helvetica,sans-serif; font-size:x-large">-</span>&nbsp;<strong>Co gi&atilde;n</strong>:&nbsp;<span style="font-family:arial,tahoma,helvetica neue,helvetica,sans-serif; font-size:x-large">Kh&ocirc;ng</span><br />\r\n&nbsp;</p>\r\n\r\n<p>&nbsp;</p>\r\n\r\n<p><span style="font-family:arial,tahoma,helvetica neue,helvetica,sans-serif; font-size:x-large">-&nbsp;</span><strong>Kiểu d&aacute;ng</strong>:<span style="font-family:arial,tahoma,helvetica neue,helvetica,sans-serif; font-size:x-large">&nbsp;quần short kaki</span></p>\r\n\r\n<p>&nbsp;</p>\r\n\r\n<p><br />\r\n&nbsp;</p>\r\n\r\n<p style="text-align:justify">&nbsp;</p>\r\n\r\n<p><span style="font-family:arial,tahoma,helvetica neue,helvetica,sans-serif; font-size:x-large">Trọng lượng: 400 gram.</span></p>\r\n</div>\r\n');

-- --------------------------------------------------------

--
-- Table structure for table `slide_logo_banner`
--

CREATE TABLE `slide_logo_banner` (
  `id` int(11) NOT NULL,
  `name` varchar(100) NOT NULL,
  `image` varchar(255) NOT NULL,
  `keyword` varchar(255) NOT NULL,
  `info` text NOT NULL
) ENGINE=InnoDB DEFAULT CHARSET=utf8;

--
-- Dumping data for table `slide_logo_banner`
--

INSERT INTO `slide_logo_banner` (`id`, `name`, `image`, `keyword`, `info`) VALUES
(1, 'logo', '5742fba8669c34c479e1aa2f52458c5c.png', 'Site bán hàng', ''),
(2, 'banner', '7d5a0f926d45f2af4475736330997d20.jpg', 'Banner 01', ''),
(4, 'logo', '9d671250f2917c96f00eb0525348d05c.jpg', 'Logo shoping', ''),
(8, 'slider', 'f6c67f45b50376ff591784207bbccc48.jpg', 'Con gái', 'Con gái luôn rất chú trọng đến vẻ ngoài, dù là đến công sở, khi dạo phố hoặc đi dự tiệc,... Cũng chính vì vậy mà con gái và thời trang nữ dường như là hai khái niệm luôn song hành cùng nhau'),
(9, 'slider', 'd4dd65fd863a646fa668929d1a666e62.jpg', 'Làm đẹp', 'Thời trang nữ không chỉ sinh ra để đáp ứng cho nhu cầu làm đẹp mà còn mang đến nhiều giá trị khác cho cuộc sống. Ngày nay, việc mua sắm thời trang trở nên thật dễ dàng và tiện lợi'),
(10, 'slider', '2337525bd51d3cff436711e645f535bb.jpg', 'Nhiều lựa chọn', 'Thật thú vị khi bạn chỉ cần ngồi một chỗ cùng với vài lần click chuột là cả một thế giới thời trang nữ rộng lớn tràn ngập những kiểu dáng và sắc màu'),
(11, 'slider', 'b00b879753733045d05bfbc85e7e0d5b.jpg', 'Đa dạng', 'chắc chắn sẽ là nơi mang đến cho con gái thật nhiều trải nghiệm mới mẻ, thú vị trong những “vũ điệu” của đầm, váy, áo sơ mi, áo kiểu, áo thun, giày cao gót, phụ kiện, túi xách');

-- --------------------------------------------------------

--
-- Table structure for table `user`
--

CREATE TABLE `user` (
  `id` int(11) NOT NULL,
  `user` varchar(30) NOT NULL,
  `pass` varchar(32) NOT NULL,
  `email` varchar(50) NOT NULL,
  `phone` varchar(11) NOT NULL,
  `address` varchar(50) NOT NULL,
  `level` tinyint(1) NOT NULL
) ENGINE=InnoDB DEFAULT CHARSET=utf8;

--
-- Dumping data for table `user`
--

INSERT INTO `user` (`id`, `user`, `pass`, `email`, `phone`, `address`, `level`) VALUES
(1, 'dontinhqt', 'e10adc3949ba59abbe56e057f20f883e', 'dontinhqt@gmail.com', '01673990946', 'Triệu Phong - Quảng Trị', 1),
(2, 'admin', 'e10adc3949ba59abbe56e057f20f883e', 'admin@gmail.com', '0905210472', 'Quảng Trị', 1),
(3, 'Michael', '', 'consectetuer@velitin.net', '(028) 7979 ', 'Brentwood', 1),
(4, 'Rooney', '', 'Integer.tincidunt@amet.co.uk', '055 2379 54', 'Gloucester', 1),
(5, 'Levi', '', 'feugiat.Lorem@Morbi.co.uk', '(01597) 934', 'Whitehaven', 1),
(6, 'Isaiah', '', 'pharetra.nibh.Aliquam@tristiqueac.com', '0500 753851', 'Delmenhorst', 1),
(7, 'Finn', '', 'egestas.nunc@Nuncmauriselit.org', '(01724) 823', 'Crystal Springs', 1),
(8, 'Neil', '', 'est@Maurisvestibulumneque.net', '055 0053 45', 'Annapolis', 1),
(9, 'Damon', '', 'nulla.Integer.urna@utquamvel.com', '(01815) 316', 'Ujjain', 1),
(10, 'Baxter', '', 'vitae.velit@rhoncus.net', '0845 46 41', 'Tramonti di Sopra', 1),
(11, 'Ulysses', '', 'consequat.lectus.sit@penatibus.edu', '07351 20227', 'Coevorden', 1),
(12, 'Patrick', '', 'Lorem.ipsum@nulla.co.uk', '(011781) 82', 'Midlands', 1),
(13, 'Duncan', '', 'Morbi@Maecenas.co.uk', '0500 492790', 'Roosbeek', 1),
(14, 'Hayes', '', 'egestas@musProin.co.uk', '(016977) 33', 'Regina', 1),
(15, 'Knox', '', 'feugiat.Sed@Etiamgravidamolestie.com', '07974 02315', 'Thurso', 1),
(16, 'Prescott', '', 'aliquam@velitSedmalesuada.org', '0955 432 80', 'Lelystad', 1),
(17, 'Harding', '', 'Nunc.ullamcorper.velit@turpisegestasAliquam.net', '(0117) 222 ', 'Uberaba', 1),
(18, 'Zane', '', 'tristique.aliquet.Phasellus@tortorat.net', '(019981) 42', 'Glimes', 1),
(19, 'Wing', '', 'Maecenas.libero@porttitortellus.co.uk', '07624 97116', 'Cagnes-sur-Mer', 1),
(20, 'Drew', '', 'sociis.natoque@musProin.net', '070 2262 46', 'Sooke', 1),
(21, 'Clarke', '', 'eu.tellus@interdumNunc.net', '(016977) 75', 'Pelago', 1),
(22, 'Baxter', '', 'lobortis.ultrices.Vivamus@sem.co.uk', '07624 69262', 'Edmundston', 1),
(23, 'Raymond', '', 'enim.Sed.nulla@eunullaat.co.uk', '0972 632 90', 'Bikaner', 1),
(24, 'Oliver', '', 'lacus.Cras.interdum@semconsequatnec.ca', '070 6624 62', 'Varna/Vahrn', 1),
(25, 'Jasper', '', 'sodales.purus@iaculis.co.uk', '0800 143395', 'Nederhasselt', 1),
(26, 'Jonah', '', 'eu.arcu.Morbi@bibendumfermentum.net', '(01061) 938', 'Pedro Aguirre Cerda', 1),
(27, 'Kadeem', '', 'aliquet.Phasellus@Proinvelit.net', '055 5205 74', 'Arnesano', 1),
(28, 'Kibo', '', 'vel@rutrumjusto.com', '(011542) 19', 'Moffat', 1),
(29, 'Brett', '', 'et.ultrices@ultriciesornareelit.ca', '(018204) 49', 'Newbury', 1),
(30, 'Jerry', '', 'Etiam.imperdiet@Intincidunt.co.uk', '(01484) 658', 'Tiel', 1),
(31, 'Thor', '', 'sit@perconubianostra.net', '0800 065 96', 'Villa Agnedo', 1),
(32, 'Otto', '', 'imperdiet.nec@in.org', '0800 1111', 'Baasrode', 1),
(33, 'Uriah', '', 'euismod@sociis.co.uk', '(0191) 102 ', 'Vremde', 1),
(34, 'Tate', '', 'urna.suscipit.nonummy@et.co.uk', '07624 23181', 'Tollembeek', 1),
(35, 'Troy', '', 'lobortis.quam@nisinibhlacinia.com', '(0171) 941 ', 'Omal', 1),
(36, 'Alec', '', 'blandit.congue@Lorem.net', '(0151) 038 ', 'Columbia', 1),
(37, 'Plato', '', 'aliquet.Proin.velit@parturientmontesnascetur.co.uk', '0310 130 19', 'Cassaro', 1),
(38, 'Jermaine', '', 'montes.nascetur.ridiculus@sodalesMaurisblandit.net', '0800 1111', 'Tournefeuille', 1),
(39, 'Jakeem', '', 'non.luctus@massaVestibulum.net', '0800 1111', 'Jabalpur', 1),
(40, 'Cody', '', 'semper@tinciduntpede.net', '0845 46 44', 'Torchiarolo', 1),
(41, 'Rahim', '', 'magnis.dis@sapienmolestieorci.com', '0800 386 00', 'Tramatza', 1),
(42, 'Erich', '', 'sed.leo.Cras@odioPhasellus.net', '(029) 0837 ', 'Ancud', 1),
(43, 'Arthur', '', 'dictum.eu@feugiatnonlobortis.net', '0500 683148', 'Lonquimay', 1),
(44, 'Wayne', '', 'adipiscing.elit.Aliquam@nunc.org', '055 5724 78', 'Valéncia', 1),
(45, 'Simon', '', 'eu.euismod@vitaeerat.net', '0800 704 89', 'Albagiara', 1),
(46, 'Blaze', '', 'placerat.orci.lacus@adipiscingfringillaporttitor.n', '0842 046 75', 'Penrith', 1),
(47, 'Burke', '', 'nunc.interdum@egetmassa.com', '0800 237 87', 'Perwez', 1),
(48, 'Asher', '', 'Duis@consectetuer.com', '0500 101462', 'Bouffioulx', 1),
(49, 'Isaac', '', 'Nulla.aliquet.Proin@Sednec.org', '056 8088 29', 'Hinckley', 1),
(50, 'Lance', '', 'justo.Praesent.luctus@lobortisnisinibh.net', '0800 1111', 'Saintes', 1),
(51, 'Erich', '', 'nibh@idlibero.net', '070 2691 48', 'St. Johann in Tirol', 1),
(52, 'Wesley', '', 'odio.Aliquam@lacusCrasinterdum.co.uk', '(01368) 396', 'Lauder', 1),
(53, 'Xanthus', '', 'lorem.auctor@a.ca', '(016977) 32', 'Indianapolis', 1),
(54, 'Yoshio', '', 'volutpat.ornare@tinciduntadipiscing.co.uk', '055 1882 02', 'San Floriano del Collio', 1),
(55, 'Brent', '', 'faucibus@elementumloremut.co.uk', '0999 069 09', 'Cagliari', 1),
(56, 'Giacomo', '', 'orci.sem.eget@odioapurus.com', '055 9572 28', 'Meix-Devant-Virton', 1),
(57, 'Luke', '', 'est.vitae@dapibusgravidaAliquam.ca', '0845 46 42', 'Frignano', 1),
(58, 'Ray', '', 'quis.lectus.Nullam@ornareFuscemollis.co.uk', '(01177) 760', 'Oliver', 1),
(59, 'Richard', '', 'magna.Nam@sitametornare.ca', '07842 86384', 'Bathurst', 1),
(60, 'Bruce', '', 'risus@CuraePhasellusornare.org', '0321 995 29', 'Cressa', 1),
(61, 'Declan', '', 'Vestibulum@velit.com', '055 0202 04', 'Kitimat', 1),
(62, 'Chester', '', 'litora.torquent.per@maurissagittisplacerat.com', '0364 996 17', 'San Martino in Pensilis', 1),
(63, 'Blake', '', 'scelerisque.neque@elit.edu', '07025 71293', 'Colwood', 1),
(64, 'Stephen', '', 'sit.amet@maurisipsumporta.net', '076 2278 25', 'Aurora', 1),
(65, 'Henry', '', 'a.feugiat@Nullam.net', '(01742) 533', 'Vezirköprü', 1),
(66, 'Ulric', '', 'pede.ac@sitametconsectetuer.net', '07624 96518', 'Sint-Denijs-Westrem', 1),
(67, 'Orlando', '', 'eu.elit.Nulla@pharetrasedhendrerit.co.uk', '0800 673184', 'Chicago', 1),
(68, 'Basil', '', 'accumsan.sed.facilisis@rutrumnon.net', '056 7111 38', 'Tejar', 1),
(69, 'Forrest', '', 'pellentesque.eget@ac.edu', '0994 049 32', 'Bludenz', 1),
(70, 'Price', '', 'et.magna@adipiscinglobortisrisus.com', '0800 066605', 'Airdrie', 1),
(71, 'Gage', '', 'aliquam@odio.org', '0800 294953', 'Dendermonde', 1),
(72, 'Odysseus', '', 'vitae.semper.egestas@commodoatlibero.edu', '0369 165 80', 'Bonn', 1),
(73, 'Cody', '', 'Morbi.non@lobortis.org', '0890 876 77', 'Nurdağı', 1),
(74, 'Maxwell', '', 'nec.cursus@Duis.org', '07924 12316', 'Tourinnes-Saint-Lambert', 1),
(75, 'Eaton', '', 'auctor.non@ligula.ca', '056 3194 86', 'Chepstow', 1),
(76, 'Chaim', '', 'massa@tinciduntpedeac.net', '056 9507 94', 'Dillingen', 1),
(77, 'Uriah', '', 'purus.accumsan@lectus.ca', '07373 11092', 'Valdivia', 1),
(78, 'Lionel', '', 'Nulla.facilisis@ullamcorpernislarcu.org', '(016977) 10', 'Sierning', 1),
(79, 'Bradley', '', 'velit.egestas@elitpellentesquea.co.uk', '070 8257 54', 'Beaumont', 1),
(80, 'Talon', '', 'a.arcu@egestas.edu', '0800 928 76', 'Stamford', 1),
(81, 'Martin', '', 'massa.Mauris@sitametmetus.org', '(016977) 77', 'Aix-en-Provence', 1),
(82, 'Herrod', '', 'magna.et.ipsum@tristique.net', '(028) 9076 ', 'Vliermaalroot', 1),
(83, 'Grant', '', 'nunc.ullamcorper.eu@ullamcorpernisl.co.uk', '(01155) 711', 'Labrecque', 1),
(84, 'Clinton', '', 'laoreet@semper.org', '(01875) 901', 'Kansas City', 1),
(85, 'Chandler', '', 'commodo@vel.net', '0845 46 48', 'Aiseau-Presles', 1),
(86, 'Hilel', '', 'feugiat@ligula.ca', '055 0994 08', 'Jalandhar (Jullundur)', 1),
(87, 'Prescott', '', 'magnis.dis@sem.com', '0800 910 34', 'Fort Saskatchewan', 1),
(88, 'Cameron', '', 'Proin@metusInnec.com', '0500 582170', 'Grande Prairie', 1),
(89, 'Quinn', '', 'ornare.sagittis@porttitorscelerisqueneque.com', '(0111) 420 ', 'Dhanbad', 1),
(90, 'Mannix', '', 'Pellentesque.habitant@Sednec.net', '0800 784 52', 'Codegua', 1),
(91, 'Stephen', '', 'nisi.a.odio@magnaa.net', '056 3681 80', 'Malegaon', 1),
(92, 'Castor', '', 'vitae.semper@nuncQuisque.com', '076 4767 88', 'Carahue', 1),
(93, 'Daquan', '', 'velit@montesnasceturridiculus.ca', '0800 1111', 'Baie-D''Urfé', 1),
(94, 'Nathan', '', 'lobortis@ipsum.org', '(0131) 155 ', 'Castiglione Messer Raimondo', 1),
(95, 'Jermaine', '', 'rhoncus@sapien.org', '(0171) 158 ', 'Kawawachikamach', 1),
(96, 'Ferdinand', '', 'Suspendisse@odio.edu', '(01111) 183', 'Pisa', 1),
(97, 'Reuben', '', 'Sed.dictum.Proin@aliquetodioEtiam.com', '(01216) 465', 'Sunset Point', 1),
(98, 'Amery', '', 'amet.massa.Quisque@ornareIn.edu', '0800 1111', 'Maracalagonis', 1),
(99, 'Lyle', '', 'sem.ut.dolor@enimEtiamgravida.edu', '0800 1111', 'Périgueux', 1),
(100, 'Brock', '', 'augue@odioNam.net', '(0101) 808 ', 'Ferness', 1),
(101, 'Charles', '', 'lorem.ut.aliquam@velarcueu.com', '(01420) 173', 'Great Falls', 1),
(102, 'Mason', '', 'in.aliquet@risus.org', '(016977) 70', 'Matlock', 1);

--
-- Indexes for dumped tables
--

--
-- Indexes for table `category`
--
ALTER TABLE `category`
  ADD PRIMARY KEY (`cate_id`);

--
-- Indexes for table `city`
--
ALTER TABLE `city`
  ADD PRIMARY KEY (`id`);

--
-- Indexes for table `district`
--
ALTER TABLE `district`
  ADD PRIMARY KEY (`id`);

--
-- Indexes for table `guest`
--
ALTER TABLE `guest`
  ADD PRIMARY KEY (`id`);

--
-- Indexes for table `orders`
--
ALTER TABLE `orders`
  ADD PRIMARY KEY (`iod`);

--
-- Indexes for table `order_detail`
--
ALTER TABLE `order_detail`
  ADD PRIMARY KEY (`id`);

--
-- Indexes for table `place`
--
ALTER TABLE `place`
  ADD PRIMARY KEY (`id`);

--
-- Indexes for table `product`
--
ALTER TABLE `product`
  ADD PRIMARY KEY (`id`);

--
-- Indexes for table `slide_logo_banner`
--
ALTER TABLE `slide_logo_banner`
  ADD PRIMARY KEY (`id`);

--
-- Indexes for table `user`
--
ALTER TABLE `user`
  ADD PRIMARY KEY (`id`);

--
-- AUTO_INCREMENT for dumped tables
--

--
-- AUTO_INCREMENT for table `category`
--
ALTER TABLE `category`
  MODIFY `cate_id` int(11) NOT NULL AUTO_INCREMENT, AUTO_INCREMENT=8;
--
-- AUTO_INCREMENT for table `city`
--
ALTER TABLE `city`
  MODIFY `id` int(11) UNSIGNED NOT NULL AUTO_INCREMENT, AUTO_INCREMENT=66;
--
-- AUTO_INCREMENT for table `district`
--
ALTER TABLE `district`
  MODIFY `id` int(11) UNSIGNED NOT NULL AUTO_INCREMENT, AUTO_INCREMENT=714;
--
-- AUTO_INCREMENT for table `guest`
--
ALTER TABLE `guest`
  MODIFY `id` int(11) NOT NULL AUTO_INCREMENT, AUTO_INCREMENT=6;
--
-- AUTO_INCREMENT for table `orders`
--
ALTER TABLE `orders`
  MODIFY `iod` int(11) NOT NULL AUTO_INCREMENT, AUTO_INCREMENT=43;
--
-- AUTO_INCREMENT for table `order_detail`
--
ALTER TABLE `order_detail`
  MODIFY `id` int(11) NOT NULL AUTO_INCREMENT, AUTO_INCREMENT=53;
--
-- AUTO_INCREMENT for table `place`
--
ALTER TABLE `place`
  MODIFY `id` int(11) NOT NULL AUTO_INCREMENT, AUTO_INCREMENT=2;
--
-- AUTO_INCREMENT for table `product`
--
ALTER TABLE `product`
  MODIFY `id` int(11) NOT NULL AUTO_INCREMENT, AUTO_INCREMENT=11;
--
-- AUTO_INCREMENT for table `slide_logo_banner`
--
ALTER TABLE `slide_logo_banner`
  MODIFY `id` int(11) NOT NULL AUTO_INCREMENT, AUTO_INCREMENT=12;
--
-- AUTO_INCREMENT for table `user`
--
ALTER TABLE `user`
  MODIFY `id` int(11) NOT NULL AUTO_INCREMENT, AUTO_INCREMENT=103;
/*!40101 SET CHARACTER_SET_CLIENT=@OLD_CHARACTER_SET_CLIENT */;
/*!40101 SET CHARACTER_SET_RESULTS=@OLD_CHARACTER_SET_RESULTS */;
/*!40101 SET COLLATION_CONNECTION=@OLD_COLLATION_CONNECTION */;
